character,sentence,line,document,shengmu,yunmu,shengdiao,bihua,cixing,char_sentiment,sentiment_score,sentence_length,td_idf,degree,char_pos,pos
乾,乾,"乾：元，亨，利，贞。| 天行健，君子以自强不息。
",./易经.txt,q,ian,2,11,zg,0.5,0.5,1.0,1.0,0.0,0.0,0.0
乾,君子终日乾乾,"九三，君子终日乾乾，夕惕若，厉无咎。| ""终日乾乾""，反复道也。
",./易经.txt,q,ian,2,11,zg,0.5,0.5462182779237621,6.0,1.0,0.0,4.0,7.0
乾,君子终日乾乾,"九三，君子终日乾乾，夕惕若，厉无咎。| ""终日乾乾""，反复道也。
",./易经.txt,q,ian,2,11,zg,0.5,0.5462182779237621,6.0,1.0,0.0,4.0,7.0
乾,终日乾乾,"九三，君子终日乾乾，夕惕若，厉无咎。| ""终日乾乾""，反复道也。
",./易经.txt,q,ian,2,11,zg,0.5,-0.6476685249564166,4.0,1.0,0.0,2.0,7.0
乾,终日乾乾,"九三，君子终日乾乾，夕惕若，厉无咎。| ""终日乾乾""，反复道也。
",./易经.txt,q,ian,2,11,zg,0.5,-0.6476685249564166,4.0,1.0,0.0,2.0,7.0
元,元,"乾：元，亨，利，贞。| 天行健，君子以自强不息。
",./易经.txt,,van,2,4,m,0.7499999999999999,0.7499999999999999,1.0,1.0,0.0,0.0,2.0
元,元,"坤：元，亨，利牝马之贞。君子有攸往，先迷，后得主，利。西南得朋，东北丧朋。安贞吉。| 地势坤，君子以厚德载物。
",./易经.txt,,van,2,4,m,0.7499999999999999,0.7499999999999999,1.0,1.0,0.0,0.0,2.0
元,元,"屯：元，亨，利，贞；勿用有攸往，利建侯。|云雷屯，君子以经纶。
",./易经.txt,,van,2,4,m,0.7499999999999999,0.7499999999999999,1.0,1.0,0.0,0.0,2.0
元,元吉,"六五，黄裳，元吉。 |""黄裳元吉""，文在中也。
",./易经.txt,,van,2,4,m,0.7499999999999999,0.6887343660657363,2.0,1.0,0.0,0.0,6.0
元,元吉,"九五，讼，元吉。|""讼，元吉""，以中正也。
",./易经.txt,,van,2,4,m,0.7499999999999999,0.6887343660657363,2.0,1.0,0.0,0.0,5.0
元,黄裳元吉,"六五，黄裳，元吉。 |""黄裳元吉""，文在中也。
",./易经.txt,,van,2,4,m,0.7499999999999999,0.9506398140921886,4.0,1.0,0.0,2.0,14.0
元,元永贞,"比：吉。原筮，元永贞，无咎。不宁方来，后夫凶。|地上有水，比；先王以建万国，亲诸侯。
",./易经.txt,,van,2,4,m,0.7499999999999999,0.6887343660657363,3.0,1.0,0.0,0.0,7.0
亨,亨,"乾：元，亨，利，贞。| 天行健，君子以自强不息。
",./易经.txt,h,eng,1,7,nrt,0.6666666666666666,0.6666666666666666,1.0,1.0,0.0,0.0,4.0
亨,亨,"坤：元，亨，利牝马之贞。君子有攸往，先迷，后得主，利。西南得朋，东北丧朋。安贞吉。| 地势坤，君子以厚德载物。
",./易经.txt,h,eng,1,7,nrt,0.6666666666666666,0.6666666666666666,1.0,1.0,0.0,0.0,4.0
亨,亨,"屯：元，亨，利，贞；勿用有攸往，利建侯。|云雷屯，君子以经纶。
",./易经.txt,h,eng,1,7,nrt,0.6666666666666666,0.6666666666666666,1.0,1.0,0.0,0.0,4.0
亨,亨,"蒙：亨。匪我求童蒙，童蒙求我；初筮告，再三渎，渎则不告。利贞。|山下出泉，蒙；君子以果行育德。
",./易经.txt,h,eng,1,7,nrt,0.6666666666666666,0.6666666666666666,1.0,1.0,0.0,0.0,2.0
亨,亨,"小畜：亨；密云不雨，自我西郊。|风行天上，""小畜""；君子以懿文德。
",./易经.txt,h,eng,1,7,nrt,0.6666666666666666,0.6666666666666666,1.0,1.0,0.0,0.0,3.0
亨,光亨,"需：有孚，光亨，贞吉，利涉大川。|云上于天，需；君子以饮食宴乐。
",./易经.txt,h,eng,1,7,nrt,0.6666666666666666,0.6483712296983758,2.0,1.0,0.0,1.0,6.0
贞,贞,"乾：元，亨，利，贞。| 天行健，君子以自强不息。
",./易经.txt,zh,en,1,6,nz,0.5,0.5,1.0,1.0,0.0,0.0,8.0
贞,贞,"屯：元，亨，利，贞；勿用有攸往，利建侯。|云雷屯，君子以经纶。
",./易经.txt,zh,en,1,6,nz,0.5,0.5,1.0,1.0,0.0,0.0,8.0
贞,贞,"师：贞，丈人吉，无咎。|地中有水，师；君子以容民畜众。
",./易经.txt,zh,en,1,6,nz,0.5,0.5,1.0,1.0,0.0,0.0,2.0
贞,利牝马之贞,"坤：元，亨，利牝马之贞。君子有攸往，先迷，后得主，利。西南得朋，东北丧朋。安贞吉。| 地势坤，君子以厚德载物。
",./易经.txt,zh,en,1,6,nz,0.5,-0.8329050019357773,5.0,1.0,0.0,4.0,10.0
贞,安贞吉,"坤：元，亨，利牝马之贞。君子有攸往，先迷，后得主，利。西南得朋，东北丧朋。安贞吉。| 地势坤，君子以厚德载物。
",./易经.txt,zh,en,1,6,nz,0.5,0.521072653481246,3.0,1.0,0.0,1.0,38.0
贞,安贞吉,"九四，不克讼；复即命，渝，安贞吉。|""复即命，渝""，安贞不失也。
",./易经.txt,zh,en,1,6,nz,0.5,0.521072653481246,3.0,1.0,0.0,1.0,14.0
贞,含章可贞,"六三，含章可贞，或从王事，无成有终。|""含章可贞""，以时发也；""或从王事""，知光大也。
",./易经.txt,zh,en,1,6,nz,0.5,-0.5083684120540968,4.0,1.0,0.0,3.0,6.0
贞,利永贞,"用六，利永贞。|用六""永贞""，以大终也。
",./易经.txt,zh,en,1,6,nz,0.5,-0.7305767020694016,3.0,1.0,0.0,2.0,5.0
贞,永贞,"用六，利永贞。|用六""永贞""，以大终也。
",./易经.txt,zh,en,1,6,nz,0.5,0.5,2.0,1.0,0.0,1.0,5.0
贞,利居贞,"初九，磐桓，利居贞，利建侯。|虽磐桓，志行正也。以贵下贱，大得民也。
",./易经.txt,zh,en,1,6,nz,0.5,-0.8802817507203541,3.0,1.0,0.0,2.0,8.0
贞,女子贞不字,"六二，屯如邅如，乘马班如。匪寇婚媾，女子贞不字，十年后才生育。|六二之难，乘刚也。""十年乃字""，反常也。
",./易经.txt,zh,en,1,6,nz,0.5,-0.8199129995550661,5.0,1.0,0.0,2.0,20.0
贞,小贞吉,"九五，屯其膏，小贞吉，大贞凶。|""屯其膏""，施未光也。
",./易经.txt,zh,en,1,6,nz,0.5,-0.5755185864796883,3.0,1.0,0.0,1.0,8.0
贞,大贞凶,"九五，屯其膏，小贞吉，大贞凶。|""屯其膏""，施未光也。
",./易经.txt,zh,en,1,6,nz,0.5,-0.730576702069401,3.0,1.0,0.0,1.0,12.0
贞,利贞,"蒙：亨。匪我求童蒙，童蒙求我；初筮告，再三渎，渎则不告。利贞。|山下出泉，蒙；君子以果行育德。
",./易经.txt,zh,en,1,6,nz,0.5,-0.7305767020694016,2.0,1.0,0.0,1.0,29.0
贞,贞吉,"需：有孚，光亨，贞吉，利涉大川。|云上于天，需；君子以饮食宴乐。
",./易经.txt,zh,en,1,6,nz,0.5,-0.5755185864796883,2.0,1.0,0.0,0.0,8.0
贞,贞吉,"九五，需于酒食，贞吉。|""酒食贞吉""，以中正也。
",./易经.txt,zh,en,1,6,nz,0.5,-0.5755185864796883,2.0,1.0,0.0,0.0,8.0
贞,贞吉,"六二，比之自内，贞吉。|""比之自内""，不自失也。
",./易经.txt,zh,en,1,6,nz,0.5,-0.5755185864796883,2.0,1.0,0.0,0.0,8.0
贞,贞吉,"六四，外比之，贞吉。|外比于贤，以从上也。
",./易经.txt,zh,en,1,6,nz,0.5,-0.5755185864796883,2.0,1.0,0.0,0.0,7.0
贞,酒食贞吉,"九五，需于酒食，贞吉。|""酒食贞吉""，以中正也。
",./易经.txt,zh,en,1,6,nz,0.5,-0.6476685249564166,4.0,1.0,0.0,2.0,15.0
贞,贞厉,"六三，食旧德，贞厉，终吉；或从王事，无成。|""食旧德""，从上吉也。
",./易经.txt,zh,en,1,6,nz,0.5,-0.5755185864796883,2.0,1.0,0.0,0.0,7.0
贞,安贞不失也,"九四，不克讼；复即命，渝，安贞吉。|""复即命，渝""，安贞不失也。
",./易经.txt,zh,en,1,6,nz,0.5,0.5049796817957098,5.0,1.0,0.0,1.0,27.0
贞,贞凶,"六五，田有禽，利执言，无咎；长子帅师，弟子舆尸，贞凶。|""长子帅师""，以中行也；""弟子舆尸""，使不当也。
",./易经.txt,zh,en,1,6,nz,0.5,-0.730576702069401,2.0,1.0,0.0,0.0,24.0
贞,元永贞,"比：吉。原筮，元永贞，无咎。不宁方来，后夫凶。|地上有水，比；先王以建万国，亲诸侯。
",./易经.txt,zh,en,1,6,nz,0.5,0.6887343660657363,3.0,1.0,0.0,2.0,9.0
贞,妇贞厉,"上九，既雨既处，尚德载；妇贞厉，月几望；君子征凶。|""既雨既处""，德积载也；""君子征凶""，有所疑也。
",./易经.txt,zh,en,1,6,nz,0.5,-0.6476685249564166,3.0,1.0,0.0,1.0,13.0
行,天行健,"乾：元，亨，利，贞。| 天行健，君子以自强不息。
",./易经.txt,x,ing,2,6,zg,0.6515151515151514,-0.614139442581238,3.0,1.0,0.0,1.0,13.0
行,志行正也,"初九，磐桓，利居贞，利建侯。|虽磐桓，志行正也。以贵下贱，大得民也。
",./易经.txt,x,ing,2,6,zg,0.6515151515151514,0.514455625514564,4.0,1.0,0.0,1.0,20.0
行,君子以果行育德,"蒙：亨。匪我求童蒙，童蒙求我；初筮告，再三渎，渎则不告。利贞。|山下出泉，蒙；君子以果行育德。
",./易经.txt,x,ing,2,6,zg,0.6515151515151514,0.861578263919678,7.0,1.0,0.0,4.0,43.0
行,行不顺也,"六三，勿用取女，见金夫，不有躬，无攸利。|""勿用取女""，行不顺也。
",./易经.txt,x,ing,2,6,zg,0.6515151515151514,0.56386951899106,4.0,1.0,0.0,0.0,28.0
行,不犯难行也,"初九，需于郊，利用恒，无咎。|""需于郊""，不犯难行也；""""利用恒，无咎""，未失常也。
",./易经.txt,x,ing,2,6,zg,0.6515151515151514,-0.6975110007347545,5.0,1.0,0.0,3.0,24.0
行,天与水违行,"讼：有孚窒惕，中吉；终凶，利见大人，不利涉大川。|天与水违行，讼；君子以作事谋始。
",./易经.txt,x,ing,2,6,zg,0.6515151515151514,-0.6140972460357218,5.0,1.0,0.0,4.0,29.0
行,以中行也,"六五，田有禽，利执言，无咎；长子帅师，弟子舆尸，贞凶。|""长子帅师""，以中行也；""弟子舆尸""，使不当也。
",./易经.txt,x,ing,2,6,zg,0.6515151515151514,0.7217043136461764,4.0,1.0,0.0,2.0,37.0
行,风行天上,"小畜：亨；密云不雨，自我西郊。|风行天上，""小畜""；君子以懿文德。
",./易经.txt,x,ing,2,6,zg,0.6515151515151514,0.5959802767398612,4.0,1.0,0.0,1.0,17.0
君,君子以自强不息,"乾：元，亨，利，贞。| 天行健，君子以自强不息。
",./易经.txt,j,vn,1,7,nz,0.6666666666666666,0.8595504924016432,7.0,1.0,0.0,0.0,16.0
君,君子终日乾乾,"九三，君子终日乾乾，夕惕若，厉无咎。| ""终日乾乾""，反复道也。
",./易经.txt,j,vn,1,7,nz,0.6666666666666666,0.5462182779237621,6.0,1.0,0.0,0.0,3.0
君,君子有攸往,"坤：元，亨，利牝马之贞。君子有攸往，先迷，后得主，利。西南得朋，东北丧朋。安贞吉。| 地势坤，君子以厚德载物。
",./易经.txt,j,vn,1,7,nz,0.6666666666666666,-0.861702228372133,5.0,1.0,0.0,0.0,12.0
君,君子以厚德载物,"坤：元，亨，利牝马之贞。君子有攸往，先迷，后得主，利。西南得朋，东北丧朋。安贞吉。| 地势坤，君子以厚德载物。
",./易经.txt,j,vn,1,7,nz,0.6666666666666666,0.8595504924016432,7.0,1.0,0.0,0.0,47.0
君,君子以经纶,"屯：元，亨，利，贞；勿用有攸往，利建侯。|云雷屯，君子以经纶。
",./易经.txt,j,vn,1,7,nz,0.6666666666666666,0.8595504924016432,5.0,1.0,0.0,0.0,25.0
君,君子几,"六三，即主鹿无虞，惟入于林中，君子几，不如舍，往吝。|""即鹿无虞""，以从禽也。君子舍之，往吝穷也。
",./易经.txt,j,vn,1,7,nz,0.6666666666666666,0.6887343660657363,3.0,1.0,0.0,0.0,15.0
君,君子舍之,"六三，即主鹿无虞，惟入于林中，君子几，不如舍，往吝。|""即鹿无虞""，以从禽也。君子舍之，往吝穷也。
",./易经.txt,j,vn,1,7,nz,0.6666666666666666,0.7654783208198263,4.0,1.0,0.0,0.0,39.0
君,君子以果行育德,"蒙：亨。匪我求童蒙，童蒙求我；初筮告，再三渎，渎则不告。利贞。|山下出泉，蒙；君子以果行育德。
",./易经.txt,j,vn,1,7,nz,0.6666666666666666,0.861578263919678,7.0,1.0,0.0,0.0,39.0
君,君子以饮食宴乐,"需：有孚，光亨，贞吉，利涉大川。|云上于天，需；君子以饮食宴乐。
",./易经.txt,j,vn,1,7,nz,0.6666666666666666,0.9002769324380446,7.0,1.0,0.0,0.0,24.0
君,君子以作事谋始,"讼：有孚窒惕，中吉；终凶，利见大人，不利涉大川。|天与水违行，讼；君子以作事谋始。
",./易经.txt,j,vn,1,7,nz,0.6666666666666666,0.7690145049259407,7.0,1.0,0.0,0.0,33.0
君,君子以容民畜众,"师：贞，丈人吉，无咎。|地中有水，师；君子以容民畜众。
",./易经.txt,j,vn,1,7,nz,0.6666666666666666,0.8308268680914206,7.0,1.0,0.0,0.0,19.0
君,大君有命,"上六，大君有命，开国承家，小人勿用。|""大君有命""，以正功也；""小人勿用。必乱邦也。
",./易经.txt,j,vn,1,7,nz,0.6666666666666666,-0.9323719904975695,4.0,1.0,0.0,1.0,4.0
君,君子以懿文德,"小畜：亨；密云不雨，自我西郊。|风行天上，""小畜""；君子以懿文德。
",./易经.txt,j,vn,1,7,nz,0.6666666666666666,0.9002769324380446,6.0,1.0,0.0,0.0,26.0
君,君子征凶,"上九，既雨既处，尚德载；妇贞厉，月几望；君子征凶。|""既雨既处""，德积载也；""君子征凶""，有所疑也。
",./易经.txt,j,vn,1,7,nz,0.6666666666666666,0.6200606548506866,4.0,1.0,0.0,0.0,20.0
强,君子以自强不息,"乾：元，亨，利，贞。| 天行健，君子以自强不息。
",./易经.txt,q,iang,2,12,a,0.818181818181818,0.8595504924016432,7.0,1.0,0.0,4.0,20.0
息,君子以自强不息,"乾：元，亨，利，贞。| 天行健，君子以自强不息。
",./易经.txt,x,i,1,10,zg,0.5,0.8595504924016432,7.0,1.0,0.0,6.0,22.0
初,初九,"初九，潜龙勿用。| 潜龙勿用，阳在下也。
",./易经.txt,ch,u,1,7,f,0.5,0.5,2.0,1.0,0.0,0.0,0.0
初,初九,"初九，磐桓，利居贞，利建侯。|虽磐桓，志行正也。以贵下贱，大得民也。
",./易经.txt,ch,u,1,7,f,0.5,0.5,2.0,1.0,0.0,0.0,0.0
初,初九,"初九，需于郊，利用恒，无咎。|""需于郊""，不犯难行也；""""利用恒，无咎""，未失常也。
",./易经.txt,ch,u,1,7,f,0.5,0.5,2.0,1.0,0.0,0.0,0.0
初,初九,"初九，复自道，何其咎？吉。|""复自道""，其义吉也。
",./易经.txt,ch,u,1,7,f,0.5,0.5,2.0,1.0,0.0,0.0,0.0
初,初六,"初六,履霜，坚冰至。|""履霜坚冰""，阴始凝也；驯致其道，至坚冰也。
",./易经.txt,ch,u,1,7,f,0.5,0.5,2.0,1.0,0.0,0.0,0.0
初,初六,"初六，发蒙，利用刑人，用说桎梏；以往吝。|利用刑人，以正法也。
",./易经.txt,ch,u,1,7,f,0.5,0.5,2.0,1.0,0.0,0.0,0.0
初,初六,"初六，不永所事；小有言，终吉。|""不永所事""，讼不可长也；虽""小有言""，其辩明也。
",./易经.txt,ch,u,1,7,f,0.5,0.5,2.0,1.0,0.0,0.0,0.0
初,初六,"初六，师出以律，否臧凶。|""师出以律""，失律凶也。
",./易经.txt,ch,u,1,7,f,0.5,0.5,2.0,1.0,0.0,0.0,0.0
初,初六,"初六，有孚比之，无咎；有孚盈缶，终来有它，吉。|《比》之初六，有它吉也。
",./易经.txt,ch,u,1,7,f,0.5,0.5,2.0,1.0,0.0,0.0,0.0
初,初筮告,"蒙：亨。匪我求童蒙，童蒙求我；初筮告，再三渎，渎则不告。利贞。|山下出泉，蒙；君子以果行育德。
",./易经.txt,ch,u,1,7,f,0.5,-0.8654797899714548,3.0,1.0,0.0,0.0,15.0
初,之初六,"初六，有孚比之，无咎；有孚盈缶，终来有它，吉。|《比》之初六，有它吉也。
",./易经.txt,ch,u,1,7,f,0.5,-0.7305767020694016,3.0,1.0,0.0,1.0,28.0
潜,潜龙勿用,"初九，潜龙勿用。| 潜龙勿用，阳在下也。
",./易经.txt,q,ian,2,15,v,0.5,0.692349420293337,4.0,1.0,0.0,0.0,3.0
龙,潜龙勿用,"初九，潜龙勿用。| 潜龙勿用，阳在下也。
",./易经.txt,l,ong,2,5,n,0.625,0.692349420293337,4.0,1.0,0.0,1.0,4.0
龙,见龙在田,"九二，见龙在田，利见大人。| ""见龙在田""，德施普也。
",./易经.txt,l,ong,2,5,n,0.625,0.8197328128034199,4.0,1.0,0.0,1.0,4.0
龙,飞龙在天,"九五，飞龙在天，利见大人。| ""飞龙在天""，大人造也。
",./易经.txt,l,ong,2,5,n,0.625,0.6495689689326581,4.0,1.0,0.0,1.0,4.0
龙,亢龙有悔,"上九，亢龙有悔。| ""亢龙有悔""，盈不可久也。
",./易经.txt,l,ong,2,5,n,0.625,-0.882032755810701,4.0,1.0,0.0,1.0,4.0
龙,见群龙无首,"用九，见群龙无首，吉。| ""用九""，天德不可为首也。
",./易经.txt,l,ong,2,5,n,0.625,-0.6146550320013864,5.0,1.0,0.0,2.0,5.0
龙,龙战于野,"上六，龙战于野，其血玄黄。|""龙战于野""，其道穷也。
",./易经.txt,l,ong,2,5,n,0.625,0.5507623852626592,4.0,1.0,0.0,0.0,3.0
阳,阳在下也,"初九，潜龙勿用。| 潜龙勿用，阳在下也。
",./易经.txt,,iang,2,6,nr,0.5,0.7142865461407962,4.0,1.0,0.0,0.0,15.0
人,利见大人,"九二，见龙在田，利见大人。| ""见龙在田""，德施普也。
",./易经.txt,r,en,2,2,n,0.5674904942965778,-0.7425008524054794,4.0,1.0,0.0,3.0,11.0
人,利见大人,"九五，飞龙在天，利见大人。| ""飞龙在天""，大人造也。
",./易经.txt,r,en,2,2,n,0.5674904942965778,-0.7425008524054794,4.0,1.0,0.0,3.0,11.0
人,利见大人,"讼：有孚窒惕，中吉；终凶，利见大人，不利涉大川。|天与水违行，讼；君子以作事谋始。
",./易经.txt,r,en,2,2,n,0.5674904942965778,-0.7425008524054794,4.0,1.0,0.0,3.0,16.0
人,大人造也,"九五，飞龙在天，利见大人。| ""飞龙在天""，大人造也。
",./易经.txt,r,en,2,2,n,0.5674904942965778,-0.6584752003999815,4.0,1.0,0.0,1.0,23.0
人,利用刑人,"初六，发蒙，利用刑人，用说桎梏；以往吝。|利用刑人，以正法也。
",./易经.txt,r,en,2,2,n,0.5674904942965778,0.6816631183505033,4.0,1.0,0.0,3.0,9.0
人,有不速之客三人来,"上六，入于穴，有不速之客三人来；敬之，终吉。|""不速之客来，敬之终吉""。虽不当位，未大失也。
",./易经.txt,r,en,2,2,n,0.5674904942965778,-0.7789893933744431,8.0,1.0,0.0,6.0,13.0
人,其邑人三百户,"九二，不克讼，归而逋，其邑人三百户，无眚。|""不克讼，归逋窜也""；自下讼上，患至掇也。
",./易经.txt,r,en,2,2,n,0.5674904942965778,-0.6071070366349792,6.0,1.0,0.0,2.0,13.0
人,丈人吉,"师：贞，丈人吉，无咎。|地中有水，师；君子以容民畜众。
",./易经.txt,r,en,2,2,n,0.5674904942965778,-0.5755185864796883,3.0,1.0,0.0,1.0,5.0
人,小人勿用,"上六，大君有命，开国承家，小人勿用。|""大君有命""，以正功也；""小人勿用。必乱邦也。
",./易经.txt,r,en,2,2,n,0.5674904942965778,0.7714631114462526,4.0,1.0,0.0,1.0,14.0
人,比之匪人,"六三，比之匪人。|曰""比之匪人""，不亦伤乎？
",./易经.txt,r,en,2,2,n,0.5674904942965778,-0.5755185864796883,4.0,1.0,0.0,3.0,6.0
人,邑人不诫,"九五，显比；王用三驱，失前禽，邑人不诫，吉。|""显比""之吉，位正中也，舍逆取顺，失前禽也；邑人不诫，上使中也。
",./易经.txt,r,en,2,2,n,0.5674904942965778,-0.806829896571603,4.0,1.0,0.0,1.0,16.0
施,德施普也,"九二，见龙在田，利见大人。| ""见龙在田""，德施普也。
",./易经.txt,sh,i,1,9,nr,0.7499999999999999,0.7537162555765392,4.0,1.0,0.0,1.0,23.0
施,施未光也,"九五，屯其膏，小贞吉，大贞凶。|""屯其膏""，施未光也。
",./易经.txt,sh,i,1,9,nr,0.7499999999999999,0.9053354508342586,4.0,1.0,0.0,0.0,22.0
三,九三,"九三，君子终日乾乾，夕惕若，厉无咎。| ""终日乾乾""，反复道也。
",./易经.txt,s,an,1,3,m,0.7446808510638298,0.5,2.0,1.0,0.0,1.0,1.0
三,九三,"九三，需于泥，致寇至。|""需于泥""，灾在外也；自我致寇，敬慎不败也。
",./易经.txt,s,an,1,3,m,0.7446808510638298,0.5,2.0,1.0,0.0,1.0,1.0
三,九三,"九三，舆说辐，夫妻反目。|夫妻反目，不能正室也。
",./易经.txt,s,an,1,3,m,0.7446808510638298,0.5,2.0,1.0,0.0,1.0,1.0
三,六三,"六三，含章可贞，或从王事，无成有终。|""含章可贞""，以时发也；""或从王事""，知光大也。
",./易经.txt,s,an,1,3,m,0.7446808510638298,0.5,2.0,1.0,0.0,1.0,1.0
三,六三,"六三，即主鹿无虞，惟入于林中，君子几，不如舍，往吝。|""即鹿无虞""，以从禽也。君子舍之，往吝穷也。
",./易经.txt,s,an,1,3,m,0.7446808510638298,0.5,2.0,1.0,0.0,1.0,1.0
三,六三,"六三，勿用取女，见金夫，不有躬，无攸利。|""勿用取女""，行不顺也。
",./易经.txt,s,an,1,3,m,0.7446808510638298,0.5,2.0,1.0,0.0,1.0,1.0
三,六三,"六三，食旧德，贞厉，终吉；或从王事，无成。|""食旧德""，从上吉也。
",./易经.txt,s,an,1,3,m,0.7446808510638298,0.5,2.0,1.0,0.0,1.0,1.0
三,六三,"六三，师或舆尸，凶。|""师或舆尸""，大无功也。
",./易经.txt,s,an,1,3,m,0.7446808510638298,0.5,2.0,1.0,0.0,1.0,1.0
三,六三,"六三，比之匪人。|曰""比之匪人""，不亦伤乎？
",./易经.txt,s,an,1,3,m,0.7446808510638298,0.5,2.0,1.0,0.0,1.0,1.0
三,再三渎,"蒙：亨。匪我求童蒙，童蒙求我；初筮告，再三渎，渎则不告。利贞。|山下出泉，蒙；君子以果行育德。
",./易经.txt,s,an,1,3,m,0.7446808510638298,-0.5755185864796883,3.0,1.0,0.0,1.0,20.0
三,有不速之客三人来,"上六，入于穴，有不速之客三人来；敬之，终吉。|""不速之客来，敬之终吉""。虽不当位，未大失也。
",./易经.txt,s,an,1,3,m,0.7446808510638298,-0.7789893933744431,8.0,1.0,0.0,5.0,12.0
三,其邑人三百户,"九二，不克讼，归而逋，其邑人三百户，无眚。|""不克讼，归逋窜也""；自下讼上，患至掇也。
",./易经.txt,s,an,1,3,m,0.7446808510638298,-0.6071070366349792,6.0,1.0,0.0,3.0,14.0
三,终朝三褫之,"上九，或锡之鞶带，终朝三褫之。|以讼受服，亦不足敬也。
",./易经.txt,s,an,1,3,m,0.7446808510638298,-0.5367266842182181,5.0,1.0,0.0,2.0,11.0
三,王三锡命,"九二，在师，中吉，无咎；王三锡命。|""在师中吉""，承天宠也；""王三锡命""，怀万邦也。
",./易经.txt,s,an,1,3,m,0.7446808510638298,-0.5795982853527288,4.0,1.0,0.0,1.0,13.0
三,王用三驱,"九五，显比；王用三驱，失前禽，邑人不诫，吉。|""显比""之吉，位正中也，舍逆取顺，失前禽也；邑人不诫，上使中也。
",./易经.txt,s,an,1,3,m,0.7446808510638298,0.6448173578605765,4.0,1.0,0.0,2.0,8.0
终,君子终日乾乾,"九三，君子终日乾乾，夕惕若，厉无咎。| ""终日乾乾""，反复道也。
",./易经.txt,zh,ong,1,8,d,0.5,0.5462182779237621,6.0,1.0,0.0,2.0,5.0
终,终日乾乾,"九三，君子终日乾乾，夕惕若，厉无咎。| ""终日乾乾""，反复道也。
",./易经.txt,zh,ong,1,8,d,0.5,-0.6476685249564166,4.0,1.0,0.0,0.0,5.0
终,无成有终,"六三，含章可贞，或从王事，无成有终。|""含章可贞""，以时发也；""或从王事""，知光大也。
",./易经.txt,zh,ong,1,8,d,0.5,-0.9962395171955619,4.0,1.0,0.0,3.0,16.0
终,以大终也,"用六，利永贞。|用六""永贞""，以大终也。
",./易经.txt,zh,ong,1,8,d,0.5,0.7415409566795804,4.0,1.0,0.0,2.0,17.0
终,终吉,"九二，需于沙，小有言，终吉。|""需于沙""，衍在中也；虽有小言，以终吉也。
",./易经.txt,zh,ong,1,8,d,0.5,-0.5755185864796883,2.0,1.0,0.0,0.0,11.0
终,终吉,"上六，入于穴，有不速之客三人来；敬之，终吉。|""不速之客来，敬之终吉""。虽不当位，未大失也。
",./易经.txt,zh,ong,1,8,d,0.5,-0.5755185864796883,2.0,1.0,0.0,0.0,19.0
终,终吉,"初六，不永所事；小有言，终吉。|""不永所事""，讼不可长也；虽""小有言""，其辩明也。
",./易经.txt,zh,ong,1,8,d,0.5,-0.5755185864796883,2.0,1.0,0.0,0.0,12.0
终,终吉,"六三，食旧德，贞厉，终吉；或从王事，无成。|""食旧德""，从上吉也。
",./易经.txt,zh,ong,1,8,d,0.5,-0.5755185864796883,2.0,1.0,0.0,0.0,10.0
终,以终吉也,"九二，需于沙，小有言，终吉。|""需于沙""，衍在中也；虽有小言，以终吉也。
",./易经.txt,zh,ong,1,8,d,0.5,0.6566786844089547,4.0,1.0,0.0,1.0,32.0
终,敬之终吉,"上六，入于穴，有不速之客三人来；敬之，终吉。|""不速之客来，敬之终吉""。虽不当位，未大失也。
",./易经.txt,zh,ong,1,8,d,0.5,-0.6476685249564166,4.0,1.0,0.0,2.0,32.0
终,终凶,"讼：有孚窒惕，中吉；终凶，利见大人，不利涉大川。|天与水违行，讼；君子以作事谋始。
",./易经.txt,zh,ong,1,8,d,0.5,-0.730576702069401,2.0,1.0,0.0,0.0,10.0
终,终朝三褫之,"上九，或锡之鞶带，终朝三褫之。|以讼受服，亦不足敬也。
",./易经.txt,zh,ong,1,8,d,0.5,-0.5367266842182181,5.0,1.0,0.0,0.0,9.0
终,终来有它,"初六，有孚比之，无咎；有孚盈缶，终来有它，吉。|《比》之初六，有它吉也。
",./易经.txt,zh,ong,1,8,d,0.5,-0.9173325278082622,4.0,1.0,0.0,0.0,16.0
终,无所终也,"上六，比之无首，凶。|""比之无首""，无所终也。
",./易经.txt,zh,ong,1,8,d,0.5,-0.6844480888882215,4.0,1.0,0.0,2.0,20.0
夕,夕惕若,"九三，君子终日乾乾，夕惕若，厉无咎。| ""终日乾乾""，反复道也。
",./易经.txt,x,i,1,3,tg,0.5,0.5503595699791721,3.0,1.0,0.0,0.0,10.0
无,厉无咎,"九三，君子终日乾乾，夕惕若，厉无咎。| ""终日乾乾""，反复道也。
",./易经.txt,,u,2,4,v,0.9318181818181818,-0.9617189177664341,3.0,1.0,0.0,1.0,15.0
无,无咎,"九四，或跃在渊，无咎。| ""或跃在渊""，进无咎也。
",./易经.txt,,u,2,4,v,0.9318181818181818,-0.948795364693707,2.0,1.0,0.0,0.0,8.0
无,无咎,"初九，需于郊，利用恒，无咎。|""需于郊""，不犯难行也；""""利用恒，无咎""，未失常也。
",./易经.txt,,u,2,4,v,0.9318181818181818,-0.948795364693707,2.0,1.0,0.0,0.0,11.0
无,无咎,"师：贞，丈人吉，无咎。|地中有水，师；君子以容民畜众。
",./易经.txt,,u,2,4,v,0.9318181818181818,-0.948795364693707,2.0,1.0,0.0,0.0,8.0
无,无咎,"九二，在师，中吉，无咎；王三锡命。|""在师中吉""，承天宠也；""王三锡命""，怀万邦也。
",./易经.txt,,u,2,4,v,0.9318181818181818,-0.948795364693707,2.0,1.0,0.0,0.0,9.0
无,无咎,"六四，师左次，无咎。|""左次无咎""，示失常也。
",./易经.txt,,u,2,4,v,0.9318181818181818,-0.948795364693707,2.0,1.0,0.0,0.0,7.0
无,无咎,"六五，田有禽，利执言，无咎；长子帅师，弟子舆尸，贞凶。|""长子帅师""，以中行也；""弟子舆尸""，使不当也。
",./易经.txt,,u,2,4,v,0.9318181818181818,-0.948795364693707,2.0,1.0,0.0,0.0,11.0
无,无咎,"比：吉。原筮，元永贞，无咎。不宁方来，后夫凶。|地上有水，比；先王以建万国，亲诸侯。
",./易经.txt,,u,2,4,v,0.9318181818181818,-0.948795364693707,2.0,1.0,0.0,0.0,11.0
无,无咎,"初六，有孚比之，无咎；有孚盈缶，终来有它，吉。|《比》之初六，有它吉也。
",./易经.txt,,u,2,4,v,0.9318181818181818,-0.948795364693707,2.0,1.0,0.0,0.0,8.0
无,无咎,"六四，有孚；血去惕出，无咎。|""有孚惕出"",上合志也。
",./易经.txt,,u,2,4,v,0.9318181818181818,-0.948795364693707,2.0,1.0,0.0,0.0,11.0
无,进无咎也,"九四，或跃在渊，无咎。| ""或跃在渊""，进无咎也。
",./易经.txt,,u,2,4,v,0.9318181818181818,-0.9469857080536226,4.0,1.0,0.0,1.0,21.0
无,见群龙无首,"用九，见群龙无首，吉。| ""用九""，天德不可为首也。
",./易经.txt,,u,2,4,v,0.9318181818181818,-0.6146550320013864,5.0,1.0,0.0,3.0,6.0
无,不习无不利,"六二，直方大，不习无不利。 |六二之动，直以方也，""不习无不利""，地道光也。
",./易经.txt,,u,2,4,v,0.9318181818181818,-0.9739913687383992,5.0,1.0,0.0,2.0,9.0
无,无成有终,"六三，含章可贞，或从王事，无成有终。|""含章可贞""，以时发也；""或从王事""，知光大也。
",./易经.txt,,u,2,4,v,0.9318181818181818,-0.9962395171955619,4.0,1.0,0.0,0.0,13.0
无,无咎无誉,"六四，括囊，无咎无誉。|""括囊无咎""，慎不害也。
",./易经.txt,,u,2,4,v,0.9318181818181818,-0.997856414431755,4.0,1.0,0.0,0.0,6.0
无,无咎无誉,"六四，括囊，无咎无誉。|""括囊无咎""，慎不害也。
",./易经.txt,,u,2,4,v,0.9318181818181818,-0.997856414431755,4.0,1.0,0.0,0.0,6.0
无,括囊无咎,"六四，括囊，无咎无誉。|""括囊无咎""，慎不害也。
",./易经.txt,,u,2,4,v,0.9318181818181818,-0.9714787421523169,4.0,1.0,0.0,2.0,15.0
无,即主鹿无虞,"六三，即主鹿无虞，惟入于林中，君子几，不如舍，往吝。|""即鹿无虞""，以从禽也。君子舍之，往吝穷也。
",./易经.txt,,u,2,4,v,0.9318181818181818,0.7624631900488226,5.0,1.0,0.0,3.0,6.0
无,即鹿无虞,"六三，即主鹿无虞，惟入于林中，君子几，不如舍，往吝。|""即鹿无虞""，以从禽也。君子舍之，往吝穷也。
",./易经.txt,,u,2,4,v,0.9318181818181818,-0.6476685249564166,4.0,1.0,0.0,2.0,30.0
无,无不利,"六四，乘马班如，求婚媾，往吉，无不利。|求而往，明也。
",./易经.txt,,u,2,4,v,0.9318181818181818,-0.948795364693707,3.0,1.0,0.0,0.0,15.0
无,无攸利,"六三，勿用取女，见金夫，不有躬，无攸利。|""勿用取女""，行不顺也。
",./易经.txt,,u,2,4,v,0.9318181818181818,-0.9804859493952622,3.0,1.0,0.0,0.0,16.0
无,无眚,"九二，不克讼，归而逋，其邑人三百户，无眚。|""不克讼，归逋窜也""；自下讼上，患至掇也。
",./易经.txt,,u,2,4,v,0.9318181818181818,-0.948795364693707,2.0,1.0,0.0,0.0,18.0
无,无成,"六三，食旧德，贞厉，终吉；或从王事，无成。|""食旧德""，从上吉也。
",./易经.txt,,u,2,4,v,0.9318181818181818,-0.9664695507220495,2.0,1.0,0.0,0.0,18.0
无,大无功也,"六三，师或舆尸，凶。|""师或舆尸""，大无功也。
",./易经.txt,,u,2,4,v,0.9318181818181818,0.5091591295246205,4.0,1.0,0.0,1.0,19.0
无,左次无咎,"六四，师左次，无咎。|""左次无咎""，示失常也。
",./易经.txt,,u,2,4,v,0.9318181818181818,-0.9159642787345732,4.0,1.0,0.0,2.0,14.0
无,比之无首,"上六，比之无首，凶。|""比之无首""，无所终也。
",./易经.txt,,u,2,4,v,0.9318181818181818,-0.8626494537349315,4.0,1.0,0.0,2.0,5.0
无,无所终也,"上六，比之无首，凶。|""比之无首""，无所终也。
",./易经.txt,,u,2,4,v,0.9318181818181818,-0.6844480888882215,4.0,1.0,0.0,0.0,18.0
渊,或跃在渊,"九四，或跃在渊，无咎。| ""或跃在渊""，进无咎也。
",./易经.txt,,van,1,11,n,0.5,0.6920150290079053,4.0,1.0,0.0,3.0,6.0
飞,飞龙在天,"九五，飞龙在天，利见大人。| ""飞龙在天""，大人造也。
",./易经.txt,f,ei,1,3,n,0.7272727272727275,0.6495689689326581,4.0,1.0,0.0,0.0,3.0
盈,盈不可久也,"上九，亢龙有悔。| ""亢龙有悔""，盈不可久也。
",./易经.txt,,ing,2,9,n,0.6666666666666666,-0.5045753290456676,5.0,1.0,0.0,0.0,17.0
盈,有孚盈缶,"初六，有孚比之，无咎；有孚盈缶，终来有它，吉。|《比》之初六，有它吉也。
",./易经.txt,,ing,2,9,n,0.6666666666666666,-0.9614243636871364,4.0,1.0,0.0,2.0,13.0
群,见群龙无首,"用九，见群龙无首，吉。| ""用九""，天德不可为首也。
",./易经.txt,q,vn,2,13,n,0.7159763313609466,-0.6146550320013864,5.0,1.0,0.0,1.0,4.0
吉,吉,"用九，见群龙无首，吉。| ""用九""，天德不可为首也。
",./易经.txt,j,i,2,6,nr,0.5,0.5,1.0,1.0,0.0,0.0,9.0
吉,吉,"九二，包蒙，吉。纳妇，吉；子克家。|""子克家""，刚柔接也。
",./易经.txt,j,i,2,6,nr,0.5,0.5,1.0,1.0,0.0,0.0,6.0
吉,吉,"六五，童蒙，吉。|""童蒙之吉""""，顺以巽也。
",./易经.txt,j,i,2,6,nr,0.5,0.5,1.0,1.0,0.0,0.0,6.0
吉,吉,"比：吉。原筮，元永贞，无咎。不宁方来，后夫凶。|地上有水，比；先王以建万国，亲诸侯。
",./易经.txt,j,i,2,6,nr,0.5,0.5,1.0,1.0,0.0,0.0,2.0
吉,吉,"初六，有孚比之，无咎；有孚盈缶，终来有它，吉。|《比》之初六，有它吉也。
",./易经.txt,j,i,2,6,nr,0.5,0.5,1.0,1.0,0.0,0.0,21.0
吉,吉,"九五，显比；王用三驱，失前禽，邑人不诫，吉。|""显比""之吉，位正中也，舍逆取顺，失前禽也；邑人不诫，上使中也。
",./易经.txt,j,i,2,6,nr,0.5,0.5,1.0,1.0,0.0,0.0,20.0
吉,吉,"初九，复自道，何其咎？吉。|""复自道""，其义吉也。
",./易经.txt,j,i,2,6,nr,0.5,0.5,1.0,1.0,0.0,0.0,11.0
吉,吉,"九二，牵复，吉。|牵复在中，亦不自失也。
",./易经.txt,j,i,2,6,nr,0.5,0.5,1.0,1.0,0.0,0.0,6.0
吉,安贞吉,"坤：元，亨，利牝马之贞。君子有攸往，先迷，后得主，利。西南得朋，东北丧朋。安贞吉。| 地势坤，君子以厚德载物。
",./易经.txt,j,i,2,6,nr,0.5,0.521072653481246,3.0,1.0,0.0,2.0,39.0
吉,安贞吉,"九四，不克讼；复即命，渝，安贞吉。|""复即命，渝""，安贞不失也。
",./易经.txt,j,i,2,6,nr,0.5,0.521072653481246,3.0,1.0,0.0,2.0,15.0
吉,元吉,"六五，黄裳，元吉。 |""黄裳元吉""，文在中也。
",./易经.txt,j,i,2,6,nr,0.5,0.6887343660657363,2.0,1.0,0.0,1.0,7.0
吉,元吉,"九五，讼，元吉。|""讼，元吉""，以中正也。
",./易经.txt,j,i,2,6,nr,0.5,0.6887343660657363,2.0,1.0,0.0,1.0,6.0
吉,黄裳元吉,"六五，黄裳，元吉。 |""黄裳元吉""，文在中也。
",./易经.txt,j,i,2,6,nr,0.5,0.9506398140921886,4.0,1.0,0.0,3.0,15.0
吉,往吉,"六四，乘马班如，求婚媾，往吉，无不利。|求而往，明也。
",./易经.txt,j,i,2,6,nr,0.5,-0.6703720829283477,2.0,1.0,0.0,1.0,13.0
吉,小贞吉,"九五，屯其膏，小贞吉，大贞凶。|""屯其膏""，施未光也。
",./易经.txt,j,i,2,6,nr,0.5,-0.5755185864796883,3.0,1.0,0.0,2.0,9.0
吉,童蒙之吉,"六五，童蒙，吉。|""童蒙之吉""""，顺以巽也。
",./易经.txt,j,i,2,6,nr,0.5,-0.6476685249564166,4.0,1.0,0.0,3.0,13.0
吉,贞吉,"需：有孚，光亨，贞吉，利涉大川。|云上于天，需；君子以饮食宴乐。
",./易经.txt,j,i,2,6,nr,0.5,-0.5755185864796883,2.0,1.0,0.0,1.0,9.0
吉,贞吉,"九五，需于酒食，贞吉。|""酒食贞吉""，以中正也。
",./易经.txt,j,i,2,6,nr,0.5,-0.5755185864796883,2.0,1.0,0.0,1.0,9.0
吉,贞吉,"六二，比之自内，贞吉。|""比之自内""，不自失也。
",./易经.txt,j,i,2,6,nr,0.5,-0.5755185864796883,2.0,1.0,0.0,1.0,9.0
吉,贞吉,"六四，外比之，贞吉。|外比于贤，以从上也。
",./易经.txt,j,i,2,6,nr,0.5,-0.5755185864796883,2.0,1.0,0.0,1.0,8.0
吉,终吉,"九二，需于沙，小有言，终吉。|""需于沙""，衍在中也；虽有小言，以终吉也。
",./易经.txt,j,i,2,6,nr,0.5,-0.5755185864796883,2.0,1.0,0.0,1.0,12.0
吉,终吉,"上六，入于穴，有不速之客三人来；敬之，终吉。|""不速之客来，敬之终吉""。虽不当位，未大失也。
",./易经.txt,j,i,2,6,nr,0.5,-0.5755185864796883,2.0,1.0,0.0,1.0,20.0
吉,终吉,"初六，不永所事；小有言，终吉。|""不永所事""，讼不可长也；虽""小有言""，其辩明也。
",./易经.txt,j,i,2,6,nr,0.5,-0.5755185864796883,2.0,1.0,0.0,1.0,13.0
吉,终吉,"六三，食旧德，贞厉，终吉；或从王事，无成。|""食旧德""，从上吉也。
",./易经.txt,j,i,2,6,nr,0.5,-0.5755185864796883,2.0,1.0,0.0,1.0,11.0
吉,以终吉也,"九二，需于沙，小有言，终吉。|""需于沙""，衍在中也；虽有小言，以终吉也。
",./易经.txt,j,i,2,6,nr,0.5,0.6566786844089547,4.0,1.0,0.0,2.0,33.0
吉,酒食贞吉,"九五，需于酒食，贞吉。|""酒食贞吉""，以中正也。
",./易经.txt,j,i,2,6,nr,0.5,-0.6476685249564166,4.0,1.0,0.0,3.0,16.0
吉,敬之终吉,"上六，入于穴，有不速之客三人来；敬之，终吉。|""不速之客来，敬之终吉""。虽不当位，未大失也。
",./易经.txt,j,i,2,6,nr,0.5,-0.6476685249564166,4.0,1.0,0.0,3.0,33.0
吉,中吉,"讼：有孚窒惕，中吉；终凶，利见大人，不利涉大川。|天与水违行，讼；君子以作事谋始。
",./易经.txt,j,i,2,6,nr,0.5,0.5,2.0,1.0,0.0,1.0,8.0
吉,中吉,"九二，在师，中吉，无咎；王三锡命。|""在师中吉""，承天宠也；""王三锡命""，怀万邦也。
",./易经.txt,j,i,2,6,nr,0.5,0.5,2.0,1.0,0.0,1.0,7.0
吉,从上吉也,"六三，食旧德，贞厉，终吉；或从王事，无成。|""食旧德""，从上吉也。
",./易经.txt,j,i,2,6,nr,0.5,0.7567716746207891,4.0,1.0,0.0,2.0,30.0
吉,丈人吉,"师：贞，丈人吉，无咎。|地中有水，师；君子以容民畜众。
",./易经.txt,j,i,2,6,nr,0.5,-0.5755185864796883,3.0,1.0,0.0,2.0,6.0
吉,在师中吉,"九二，在师，中吉，无咎；王三锡命。|""在师中吉""，承天宠也；""王三锡命""，怀万邦也。
",./易经.txt,j,i,2,6,nr,0.5,0.86716252676993,4.0,1.0,0.0,3.0,22.0
吉,有它吉也,"初六，有孚比之，无咎；有孚盈缶，终来有它，吉。|《比》之初六，有它吉也。
",./易经.txt,j,i,2,6,nr,0.5,-0.916204861826205,4.0,1.0,0.0,2.0,33.0
吉,之吉,"九五，显比；王用三驱，失前禽，邑人不诫，吉。|""显比""之吉，位正中也，舍逆取顺，失前禽也；邑人不诫，上使中也。
",./易经.txt,j,i,2,6,nr,0.5,-0.5755185864796883,2.0,1.0,0.0,1.0,28.0
吉,其义吉也,"初九，复自道，何其咎？吉。|""复自道""，其义吉也。
",./易经.txt,j,i,2,6,nr,0.5,-0.5911749035758779,4.0,1.0,0.0,2.0,22.0
之,利牝马之贞,"坤：元，亨，利牝马之贞。君子有攸往，先迷，后得主，利。西南得朋，东北丧朋。安贞吉。| 地势坤，君子以厚德载物。
",./易经.txt,zh,i,1,3,u,0.5,-0.8329050019357773,5.0,1.0,0.0,3.0,9.0
之,六二之动,"六二，直方大，不习无不利。 |六二之动，直以方也，""不习无不利""，地道光也。
",./易经.txt,zh,i,1,3,u,0.5,0.6851384150371497,4.0,1.0,0.0,2.0,17.0
之,六二之难,"六二，屯如邅如，乘马班如。匪寇婚媾，女子贞不字，十年后才生育。|六二之难，乘刚也。""十年乃字""，反常也。
",./易经.txt,zh,i,1,3,u,0.5,0.725447014469334,4.0,1.0,0.0,2.0,34.0
之,君子舍之,"六三，即主鹿无虞，惟入于林中，君子几，不如舍，往吝。|""即鹿无虞""，以从禽也。君子舍之，往吝穷也。
",./易经.txt,zh,i,1,3,u,0.5,0.7654783208198263,4.0,1.0,0.0,3.0,42.0
之,困蒙之吝,"六四，困蒙，吝。|""困蒙之吝"",独远实也。
",./易经.txt,zh,i,1,3,u,0.5,-0.9257143438299505,4.0,1.0,0.0,2.0,12.0
之,童蒙之吉,"六五，童蒙，吉。|""童蒙之吉""""，顺以巽也。
",./易经.txt,zh,i,1,3,u,0.5,-0.6476685249564166,4.0,1.0,0.0,2.0,12.0
之,有不速之客三人来,"上六，入于穴，有不速之客三人来；敬之，终吉。|""不速之客来，敬之终吉""。虽不当位，未大失也。
",./易经.txt,zh,i,1,3,u,0.5,-0.7789893933744431,8.0,1.0,0.0,3.0,10.0
之,敬之,"上六，入于穴，有不速之客三人来；敬之，终吉。|""不速之客来，敬之终吉""。虽不当位，未大失也。
",./易经.txt,zh,i,1,3,u,0.5,0.5,2.0,1.0,0.0,1.0,17.0
之,不速之客来,"上六，入于穴，有不速之客三人来；敬之，终吉。|""不速之客来，敬之终吉""。虽不当位，未大失也。
",./易经.txt,zh,i,1,3,u,0.5,-0.5197896614253631,5.0,1.0,0.0,2.0,26.0
之,敬之终吉,"上六，入于穴，有不速之客三人来；敬之，终吉。|""不速之客来，敬之终吉""。虽不当位，未大失也。
",./易经.txt,zh,i,1,3,u,0.5,-0.6476685249564166,4.0,1.0,0.0,1.0,31.0
之,或锡之鞶带,"上九，或锡之鞶带，终朝三褫之。|以讼受服，亦不足敬也。
",./易经.txt,zh,i,1,3,u,0.5,0.5800142346411492,5.0,1.0,0.0,2.0,5.0
之,终朝三褫之,"上九，或锡之鞶带，终朝三褫之。|以讼受服，亦不足敬也。
",./易经.txt,zh,i,1,3,u,0.5,-0.5367266842182181,5.0,1.0,0.0,4.0,13.0
之,有孚比之,"初六，有孚比之，无咎；有孚盈缶，终来有它，吉。|《比》之初六，有它吉也。
",./易经.txt,zh,i,1,3,u,0.5,-0.9018759527463962,4.0,1.0,0.0,3.0,6.0
之,之初六,"初六，有孚比之，无咎；有孚盈缶，终来有它，吉。|《比》之初六，有它吉也。
",./易经.txt,zh,i,1,3,u,0.5,-0.7305767020694016,3.0,1.0,0.0,0.0,27.0
之,比之自内,"六二，比之自内，贞吉。|""比之自内""，不自失也。
",./易经.txt,zh,i,1,3,u,0.5,0.9288559665666218,4.0,1.0,0.0,1.0,4.0
之,比之匪人,"六三，比之匪人。|曰""比之匪人""，不亦伤乎？
",./易经.txt,zh,i,1,3,u,0.5,-0.5755185864796883,4.0,1.0,0.0,1.0,4.0
之,外比之,"六四，外比之，贞吉。|外比于贤，以从上也。
",./易经.txt,zh,i,1,3,u,0.5,-0.730576702069401,3.0,1.0,0.0,2.0,5.0
之,之吉,"九五，显比；王用三驱，失前禽，邑人不诫，吉。|""显比""之吉，位正中也，舍逆取顺，失前禽也；邑人不诫，上使中也。
",./易经.txt,zh,i,1,3,u,0.5,-0.5755185864796883,2.0,1.0,0.0,0.0,27.0
之,比之无首,"上六，比之无首，凶。|""比之无首""，无所终也。
",./易经.txt,zh,i,1,3,u,0.5,-0.8626494537349315,4.0,1.0,0.0,1.0,4.0
攸,君子有攸往,"坤：元，亨，利牝马之贞。君子有攸往，先迷，后得主，利。西南得朋，东北丧朋。安贞吉。| 地势坤，君子以厚德载物。
",./易经.txt,,iou,1,7,zg,0.5,-0.861702228372133,5.0,1.0,0.0,3.0,15.0
攸,勿用有攸往,"屯：元，亨，利，贞；勿用有攸往，利建侯。|云雷屯，君子以经纶。
",./易经.txt,,iou,1,7,zg,0.5,-0.9245425877656811,5.0,1.0,0.0,3.0,13.0
攸,无攸利,"六三，勿用取女，见金夫，不有躬，无攸利。|""勿用取女""，行不顺也。
",./易经.txt,,iou,1,7,zg,0.5,-0.9804859493952622,3.0,1.0,0.0,1.0,17.0
先,先迷,"坤：元，亨，利牝马之贞。君子有攸往，先迷，后得主，利。西南得朋，东北丧朋。安贞吉。| 地势坤，君子以厚德载物。
",./易经.txt,x,ian,1,6,d,0.5,-0.6703720829283477,2.0,1.0,0.0,0.0,18.0
先,先王以建万国,"比：吉。原筮，元永贞，无咎。不宁方来，后夫凶。|地上有水，比；先王以建万国，亲诸侯。
",./易经.txt,x,ian,1,6,d,0.5,0.6007391688342106,6.0,1.0,0.0,0.0,31.0
迷,先迷,"坤：元，亨，利牝马之贞。君子有攸往，先迷，后得主，利。西南得朋，东北丧朋。安贞吉。| 地势坤，君子以厚德载物。
",./易经.txt,m,i,2,9,v,0.5999999999999999,-0.6703720829283477,2.0,1.0,0.0,1.0,19.0
西,西南得朋,"坤：元，亨，利牝马之贞。君子有攸往，先迷，后得主，利。西南得朋，东北丧朋。安贞吉。| 地势坤，君子以厚德载物。
",./易经.txt,x,i,1,6,f,0.7499999999999999,0.6116517852253013,4.0,1.0,0.0,0.0,27.0
西,自我西郊,"小畜：亨；密云不雨，自我西郊。|风行天上，""小畜""；君子以懿文德。
",./易经.txt,x,i,1,6,f,0.7499999999999999,0.5252439690646721,4.0,1.0,0.0,2.0,12.0
南,西南得朋,"坤：元，亨，利牝马之贞。君子有攸往，先迷，后得主，利。西南得朋，东北丧朋。安贞吉。| 地势坤，君子以厚德载物。
",./易经.txt,n,an,2,9,ns,0.8333333333333333,0.6116517852253013,4.0,1.0,0.0,1.0,28.0
安,安贞吉,"坤：元，亨，利牝马之贞。君子有攸往，先迷，后得主，利。西南得朋，东北丧朋。安贞吉。| 地势坤，君子以厚德载物。
",./易经.txt,,an,1,6,v,0.6666666666666666,0.521072653481246,3.0,1.0,0.0,0.0,37.0
安,安贞吉,"九四，不克讼；复即命，渝，安贞吉。|""复即命，渝""，安贞不失也。
",./易经.txt,,an,1,6,v,0.6666666666666666,0.521072653481246,3.0,1.0,0.0,0.0,13.0
安,安贞不失也,"九四，不克讼；复即命，渝，安贞吉。|""复即命，渝""，安贞不失也。
",./易经.txt,,an,1,6,v,0.6666666666666666,0.5049796817957098,5.0,1.0,0.0,0.0,26.0
霜,履霜,"初六,履霜，坚冰至。|""履霜坚冰""，阴始凝也；驯致其道，至坚冰也。
",./易经.txt,sh,uang,1,17,n,0.6666666666666666,-0.7305767020694016,2.0,1.0,0.0,1.0,4.0
霜,履霜坚冰,"初六,履霜，坚冰至。|""履霜坚冰""，阴始凝也；驯致其道，至坚冰也。
",./易经.txt,sh,uang,1,17,n,0.6666666666666666,-0.7861636186484144,4.0,1.0,0.0,1.0,13.0
坚,坚冰至,"初六,履霜，坚冰至。|""履霜坚冰""，阴始凝也；驯致其道，至坚冰也。
",./易经.txt,j,ian,1,7,v,0.7499999999999999,0.5959802767398612,3.0,1.0,0.0,0.0,6.0
坚,履霜坚冰,"初六,履霜，坚冰至。|""履霜坚冰""，阴始凝也；驯致其道，至坚冰也。
",./易经.txt,j,ian,1,7,v,0.7499999999999999,-0.7861636186484144,4.0,1.0,0.0,2.0,14.0
坚,至坚冰也,"初六,履霜，坚冰至。|""履霜坚冰""，阴始凝也；驯致其道，至坚冰也。
",./易经.txt,j,ian,1,7,v,0.7499999999999999,0.5803773619050395,4.0,1.0,0.0,1.0,29.0
阴,阴始凝也,"初六,履霜，坚冰至。|""履霜坚冰""，阴始凝也；驯致其道，至坚冰也。
",./易经.txt,,in,1,6,a,0.6666666666666666,0.5049796817957098,4.0,1.0,0.0,0.0,18.0
凝,阴始凝也,"初六,履霜，坚冰至。|""履霜坚冰""，阴始凝也；驯致其道，至坚冰也。
",./易经.txt,n,ing,2,16,v,0.5,0.5049796817957098,4.0,1.0,0.0,2.0,20.0
其,驯致其道,"初六,履霜，坚冰至。|""履霜坚冰""，阴始凝也；驯致其道，至坚冰也。
",./易经.txt,q,i,2,8,r,0.625,0.6673509417553375,4.0,1.0,0.0,2.0,25.0
其,其血玄黄,"上六，龙战于野，其血玄黄。|""龙战于野""，其道穷也。
",./易经.txt,q,i,2,8,r,0.625,-0.5952382337330402,4.0,1.0,0.0,0.0,8.0
其,其道穷也,"上六，龙战于野，其血玄黄。|""龙战于野""，其道穷也。
",./易经.txt,q,i,2,8,r,0.625,0.6566786844089547,4.0,1.0,0.0,0.0,21.0
其,屯其膏,"九五，屯其膏，小贞吉，大贞凶。|""屯其膏""，施未光也。
",./易经.txt,q,i,2,8,r,0.625,-0.5244756678400487,3.0,1.0,0.0,1.0,4.0
其,其辩明也,"初六，不永所事；小有言，终吉。|""不永所事""，讼不可长也；虽""小有言""，其辩明也。
",./易经.txt,q,i,2,8,r,0.625,0.5354407499015896,4.0,1.0,0.0,0.0,36.0
其,其邑人三百户,"九二，不克讼，归而逋，其邑人三百户，无眚。|""不克讼，归逋窜也""；自下讼上，患至掇也。
",./易经.txt,q,i,2,8,r,0.625,-0.6071070366349792,6.0,1.0,0.0,0.0,11.0
其,何其咎,"初九，复自道，何其咎？吉。|""复自道""，其义吉也。
",./易经.txt,q,i,2,8,r,0.625,0.5959802767398612,3.0,1.0,0.0,1.0,8.0
其,其义吉也,"初九，复自道，何其咎？吉。|""复自道""，其义吉也。
",./易经.txt,q,i,2,8,r,0.625,-0.5911749035758779,4.0,1.0,0.0,0.0,20.0
其,富以其邻,"九五，有孚挛如，富以其邻。|""有孚挛如""，不独富也。
",./易经.txt,q,i,2,8,r,0.625,0.7899852754436247,4.0,1.0,0.0,2.0,10.0
直,直方大,"六二，直方大，不习无不利。 |六二之动，直以方也，""不习无不利""，地道光也。
",./易经.txt,zh,i,2,8,d,0.5,0.7406637900000052,3.0,1.0,0.0,0.0,3.0
直,直以方也,"六二，直方大，不习无不利。 |六二之动，直以方也，""不习无不利""，地道光也。
",./易经.txt,zh,i,2,8,d,0.5,-0.5911749035758779,4.0,1.0,0.0,0.0,20.0
方,直方大,"六二，直方大，不习无不利。 |六二之动，直以方也，""不习无不利""，地道光也。
",./易经.txt,f,ang,1,4,n,0.7777777777777779,0.7406637900000052,3.0,1.0,0.0,1.0,4.0
方,直以方也,"六二，直方大，不习无不利。 |六二之动，直以方也，""不习无不利""，地道光也。
",./易经.txt,f,ang,1,4,n,0.7777777777777779,-0.5911749035758779,4.0,1.0,0.0,2.0,22.0
方,不宁方来,"比：吉。原筮，元永贞，无咎。不宁方来，后夫凶。|地上有水，比；先王以建万国，亲诸侯。
",./易经.txt,f,ang,1,4,n,0.7777777777777779,0.704570807690271,4.0,1.0,0.0,2.0,16.0
习,不习无不利,"六二，直方大，不习无不利。 |六二之动，直以方也，""不习无不利""，地道光也。
",./易经.txt,x,i,2,3,v,0.6666666666666666,-0.9739913687383992,5.0,1.0,0.0,1.0,8.0
光,地道光也,"六二，直方大，不习无不利。 |六二之动，直以方也，""不习无不利""，地道光也。
",./易经.txt,g,uang,1,6,n,0.5555555555555554,0.5135048044419589,4.0,1.0,0.0,2.0,35.0
光,知光大也,"六三，含章可贞，或从王事，无成有终。|""含章可贞""，以时发也；""或从王事""，知光大也。
",./易经.txt,g,uang,1,6,n,0.5555555555555554,0.5803773619050395,4.0,1.0,0.0,1.0,39.0
光,施未光也,"九五，屯其膏，小贞吉，大贞凶。|""屯其膏""，施未光也。
",./易经.txt,g,uang,1,6,n,0.5555555555555554,0.9053354508342586,4.0,1.0,0.0,2.0,24.0
光,光亨,"需：有孚，光亨，贞吉，利涉大川。|云上于天，需；君子以饮食宴乐。
",./易经.txt,g,uang,1,6,n,0.5555555555555554,0.6483712296983758,2.0,1.0,0.0,0.0,5.0
含,含章可贞,"六三，含章可贞，或从王事，无成有终。|""含章可贞""，以时发也；""或从王事""，知光大也。
",./易经.txt,h,an,2,7,v,0.6666666666666666,-0.5083684120540968,4.0,1.0,0.0,0.0,3.0
章,含章可贞,"六三，含章可贞，或从王事，无成有终。|""含章可贞""，以时发也；""或从王事""，知光大也。
",./易经.txt,zh,ang,1,11,q,0.5,-0.5083684120540968,4.0,1.0,0.0,1.0,4.0
从,或从王事,"六三，含章可贞，或从王事，无成有终。|""含章可贞""，以时发也；""或从王事""，知光大也。
",./易经.txt,c,ong,2,4,p,0.5999999999999999,0.530007386344483,4.0,1.0,0.0,1.0,9.0
从,或从王事,"六三，食旧德，贞厉，终吉；或从王事，无成。|""食旧德""，从上吉也。
",./易经.txt,c,ong,2,4,p,0.5999999999999999,0.530007386344483,4.0,1.0,0.0,1.0,14.0
从,以从禽也,"六三，即主鹿无虞，惟入于林中，君子几，不如舍，往吝。|""即鹿无虞""，以从禽也。君子舍之，往吝穷也。
",./易经.txt,c,ong,2,4,p,0.5999999999999999,0.7415409566795791,4.0,1.0,0.0,1.0,35.0
从,从上吉也,"六三，食旧德，贞厉，终吉；或从王事，无成。|""食旧德""，从上吉也。
",./易经.txt,c,ong,2,4,p,0.5999999999999999,0.7567716746207891,4.0,1.0,0.0,0.0,28.0
从,以从上也,"六四，外比之，贞吉。|外比于贤，以从上也。
",./易经.txt,c,ong,2,4,p,0.5999999999999999,0.9210585244355787,4.0,1.0,0.0,1.0,17.0
王,或从王事,"六三，含章可贞，或从王事，无成有终。|""含章可贞""，以时发也；""或从王事""，知光大也。
",./易经.txt,,uang,2,4,nr,0.529411764705882,0.530007386344483,4.0,1.0,0.0,2.0,10.0
王,或从王事,"六三，食旧德，贞厉，终吉；或从王事，无成。|""食旧德""，从上吉也。
",./易经.txt,,uang,2,4,nr,0.529411764705882,0.530007386344483,4.0,1.0,0.0,2.0,15.0
王,王三锡命,"九二，在师，中吉，无咎；王三锡命。|""在师中吉""，承天宠也；""王三锡命""，怀万邦也。
",./易经.txt,,uang,2,4,nr,0.529411764705882,-0.5795982853527288,4.0,1.0,0.0,0.0,12.0
王,先王以建万国,"比：吉。原筮，元永贞，无咎。不宁方来，后夫凶。|地上有水，比；先王以建万国，亲诸侯。
",./易经.txt,,uang,2,4,nr,0.529411764705882,0.6007391688342106,6.0,1.0,0.0,1.0,32.0
王,王用三驱,"九五，显比；王用三驱，失前禽，邑人不诫，吉。|""显比""之吉，位正中也，舍逆取顺，失前禽也；邑人不诫，上使中也。
",./易经.txt,,uang,2,4,nr,0.529411764705882,0.6448173578605765,4.0,1.0,0.0,0.0,6.0
成,无成有终,"六三，含章可贞，或从王事，无成有终。|""含章可贞""，以时发也；""或从王事""，知光大也。
",./易经.txt,ch,eng,2,6,n,0.6086956521739134,-0.9962395171955619,4.0,1.0,0.0,1.0,14.0
成,无成,"六三，食旧德，贞厉，终吉；或从王事，无成。|""食旧德""，从上吉也。
",./易经.txt,ch,eng,2,6,n,0.6086956521739134,-0.9664695507220495,2.0,1.0,0.0,1.0,19.0
时,以时发也,"六三，含章可贞，或从王事，无成有终。|""含章可贞""，以时发也；""或从王事""，知光大也。
",./易经.txt,sh,i,2,7,n,0.5555555555555554,0.6003768000659468,4.0,1.0,0.0,1.0,27.0
发,以时发也,"六三，含章可贞，或从王事，无成有终。|""含章可贞""，以时发也；""或从王事""，知光大也。
",./易经.txt,f,a,1,5,v,0.5045871559633035,0.6003768000659468,4.0,1.0,0.0,2.0,28.0
发,发蒙,"初六，发蒙，利用刑人，用说桎梏；以往吝。|利用刑人，以正法也。
",./易经.txt,f,a,1,5,v,0.5045871559633035,0.5,2.0,1.0,0.0,0.0,3.0
知,知光大也,"六三，含章可贞，或从王事，无成有终。|""含章可贞""，以时发也；""或从王事""，知光大也。
",./易经.txt,zh,i,1,8,v,0.6666666666666666,0.5803773619050395,4.0,1.0,0.0,0.0,38.0
囊,括囊,"六四，括囊，无咎无誉。|""括囊无咎""，慎不害也。
",./易经.txt,n,ang,2,22,zg,0.5,-0.5755185864796883,2.0,1.0,0.0,1.0,4.0
囊,括囊无咎,"六四，括囊，无咎无誉。|""括囊无咎""，慎不害也。
",./易经.txt,n,ang,2,22,zg,0.5,-0.9714787421523169,4.0,1.0,0.0,1.0,14.0
黄,黄裳,"六五，黄裳，元吉。 |""黄裳元吉""，文在中也。
",./易经.txt,h,uang,2,11,a,0.8888888888888888,0.9218811855057928,2.0,1.0,0.0,0.0,3.0
黄,黄裳元吉,"六五，黄裳，元吉。 |""黄裳元吉""，文在中也。
",./易经.txt,h,uang,2,11,a,0.8888888888888888,0.9506398140921886,4.0,1.0,0.0,0.0,12.0
黄,其血玄黄,"上六，龙战于野，其血玄黄。|""龙战于野""，其道穷也。
",./易经.txt,h,uang,2,11,a,0.8888888888888888,-0.5952382337330402,4.0,1.0,0.0,3.0,11.0
文,文在中也,"六五，黄裳，元吉。 |""黄裳元吉""，文在中也。
",./易经.txt,,uen,2,4,n,0.5714285714285716,0.7640659924245935,4.0,1.0,0.0,0.0,18.0
文,君子以懿文德,"小畜：亨；密云不雨，自我西郊。|风行天上，""小畜""；君子以懿文德。
",./易经.txt,,uen,2,4,n,0.5714285714285716,0.9002769324380446,6.0,1.0,0.0,4.0,30.0
中,文在中也,"六五，黄裳，元吉。 |""黄裳元吉""，文在中也。
",./易经.txt,zh,ong,1,4,f,0.5434782608695654,0.7640659924245935,4.0,1.0,0.0,2.0,20.0
中,惟入于林中,"六三，即主鹿无虞，惟入于林中，君子几，不如舍，往吝。|""即鹿无虞""，以从禽也。君子舍之，往吝穷也。
",./易经.txt,zh,ong,1,4,f,0.5434782608695654,-0.6476685249564166,5.0,1.0,0.0,4.0,13.0
中,衍在中也,"九二，需于沙，小有言，终吉。|""需于沙""，衍在中也；虽有小言，以终吉也。
",./易经.txt,zh,ong,1,4,f,0.5434782608695654,0.7083574547279659,4.0,1.0,0.0,2.0,23.0
中,以中正也,"九五，需于酒食，贞吉。|""酒食贞吉""，以中正也。
",./易经.txt,zh,ong,1,4,f,0.5434782608695654,0.7217043136461764,4.0,1.0,0.0,1.0,20.0
中,以中正也,"九五，讼，元吉。|""讼，元吉""，以中正也。
",./易经.txt,zh,ong,1,4,f,0.5434782608695654,0.7217043136461764,4.0,1.0,0.0,1.0,17.0
中,中吉,"讼：有孚窒惕，中吉；终凶，利见大人，不利涉大川。|天与水违行，讼；君子以作事谋始。
",./易经.txt,zh,ong,1,4,f,0.5434782608695654,0.5,2.0,1.0,0.0,0.0,7.0
中,中吉,"九二，在师，中吉，无咎；王三锡命。|""在师中吉""，承天宠也；""王三锡命""，怀万邦也。
",./易经.txt,zh,ong,1,4,f,0.5434782608695654,0.5,2.0,1.0,0.0,0.0,6.0
中,地中有水,"师：贞，丈人吉，无咎。|地中有水，师；君子以容民畜众。
",./易经.txt,zh,ong,1,4,f,0.5434782608695654,-0.8372292982053087,4.0,1.0,0.0,1.0,13.0
中,在师中吉,"九二，在师，中吉，无咎；王三锡命。|""在师中吉""，承天宠也；""王三锡命""，怀万邦也。
",./易经.txt,zh,ong,1,4,f,0.5434782608695654,0.86716252676993,4.0,1.0,0.0,2.0,21.0
中,以中行也,"六五，田有禽，利执言，无咎；长子帅师，弟子舆尸，贞凶。|""长子帅师""，以中行也；""弟子舆尸""，使不当也。
",./易经.txt,zh,ong,1,4,f,0.5434782608695654,0.7217043136461764,4.0,1.0,0.0,1.0,36.0
中,位正中也,"九五，显比；王用三驱，失前禽，邑人不诫，吉。|""显比""之吉，位正中也，舍逆取顺，失前禽也；邑人不诫，上使中也。
",./易经.txt,zh,ong,1,4,f,0.5434782608695654,-0.5202744818406991,4.0,1.0,0.0,2.0,32.0
中,上使中也,"九五，显比；王用三驱，失前禽，邑人不诫，吉。|""显比""之吉，位正中也，舍逆取顺，失前禽也；邑人不诫，上使中也。
",./易经.txt,zh,ong,1,4,f,0.5434782608695654,-0.7892938699417692,4.0,1.0,0.0,2.0,52.0
中,牵复在中,"九二，牵复，吉。|牵复在中，亦不自失也。
",./易经.txt,zh,ong,1,4,f,0.5434782608695654,0.792586131037329,4.0,1.0,0.0,3.0,12.0
于,龙战于野,"上六，龙战于野，其血玄黄。|""龙战于野""，其道穷也。
",./易经.txt,,v,2,3,p,0.647058823529412,0.5507623852626592,4.0,1.0,0.0,2.0,5.0
于,惟入于林中,"六三，即主鹿无虞，惟入于林中，君子几，不如舍，往吝。|""即鹿无虞""，以从禽也。君子舍之，往吝穷也。
",./易经.txt,,v,2,3,p,0.647058823529412,-0.6476685249564166,5.0,1.0,0.0,2.0,11.0
于,云上于天,"需：有孚，光亨，贞吉，利涉大川。|云上于天，需；君子以饮食宴乐。
",./易经.txt,,v,2,3,p,0.647058823529412,0.5602704477403411,4.0,1.0,0.0,2.0,19.0
于,需于郊,"初九，需于郊，利用恒，无咎。|""需于郊""，不犯难行也；""""利用恒，无咎""，未失常也。
",./易经.txt,,v,2,3,p,0.647058823529412,0.7494988900704626,3.0,1.0,0.0,1.0,4.0
于,需于沙,"九二，需于沙，小有言，终吉。|""需于沙""，衍在中也；虽有小言，以终吉也。
",./易经.txt,,v,2,3,p,0.647058823529412,0.7494988900704626,3.0,1.0,0.0,1.0,4.0
于,需于泥,"九三，需于泥，致寇至。|""需于泥""，灾在外也；自我致寇，敬慎不败也。
",./易经.txt,,v,2,3,p,0.647058823529412,0.7494988900704626,3.0,1.0,0.0,1.0,4.0
于,需于血,"六四，需于血，出自穴。|""需于血""，顺以听也。
",./易经.txt,,v,2,3,p,0.647058823529412,0.6917384717521694,3.0,1.0,0.0,1.0,4.0
于,需于酒食,"九五，需于酒食，贞吉。|""酒食贞吉""，以中正也。
",./易经.txt,,v,2,3,p,0.647058823529412,0.7494988900704626,4.0,1.0,0.0,1.0,4.0
于,入于穴,"上六，入于穴，有不速之客三人来；敬之，终吉。|""不速之客来，敬之终吉""。虽不当位，未大失也。
",./易经.txt,,v,2,3,p,0.647058823529412,-0.7305767020694016,3.0,1.0,0.0,1.0,4.0
于,外比于贤,"六四，外比之，贞吉。|外比于贤，以从上也。
",./易经.txt,,v,2,3,p,0.647058823529412,-0.5015799829543375,4.0,1.0,0.0,2.0,13.0
玄,其血玄黄,"上六，龙战于野，其血玄黄。|""龙战于野""，其道穷也。
",./易经.txt,x,van,2,5,zg,0.6666666666666666,-0.5952382337330402,4.0,1.0,0.0,2.0,10.0
穷,其道穷也,"上六，龙战于野，其血玄黄。|""龙战于野""，其道穷也。
",./易经.txt,q,iong,2,7,a,0.7499999999999999,0.6566786844089547,4.0,1.0,0.0,2.0,23.0
穷,往吝穷也,"六三，即主鹿无虞，惟入于林中，君子几，不如舍，往吝。|""即鹿无虞""，以从禽也。君子舍之，往吝穷也。
",./易经.txt,q,iong,2,7,a,0.7499999999999999,0.5049796817957098,4.0,1.0,0.0,2.0,46.0
侯,利建侯,"屯：元，亨，利，贞；勿用有攸往，利建侯。|云雷屯，君子以经纶。
",./易经.txt,h,ou,2,9,nr,0.8,-0.9363296222846494,3.0,1.0,0.0,2.0,18.0
侯,利建侯,"初九，磐桓，利居贞，利建侯。|虽磐桓，志行正也。以贵下贱，大得民也。
",./易经.txt,h,ou,2,9,nr,0.8,-0.9363296222846494,3.0,1.0,0.0,2.0,12.0
侯,亲诸侯,"比：吉。原筮，元永贞，无咎。不宁方来，后夫凶。|地上有水，比；先王以建万国，亲诸侯。
",./易经.txt,h,ou,2,9,nr,0.8,0.6582201290414669,3.0,1.0,0.0,2.0,40.0
云,云雷屯,"屯：元，亨，利，贞；勿用有攸往，利建侯。|云雷屯，君子以经纶。
",./易经.txt,,vn,2,4,ns,0.6666666666666666,-0.6476685249564166,3.0,1.0,0.0,0.0,21.0
云,云上于天,"需：有孚，光亨，贞吉，利涉大川。|云上于天，需；君子以饮食宴乐。
",./易经.txt,,vn,2,4,ns,0.6666666666666666,0.5602704477403411,4.0,1.0,0.0,0.0,17.0
云,密云不雨,"小畜：亨；密云不雨，自我西郊。|风行天上，""小畜""；君子以懿文德。
",./易经.txt,,vn,2,4,ns,0.6666666666666666,-0.7293432341209819,4.0,1.0,0.0,1.0,6.0
雷,云雷屯,"屯：元，亨，利，贞；勿用有攸往，利建侯。|云雷屯，君子以经纶。
",./易经.txt,l,ei,2,13,n,0.6666666666666666,-0.6476685249564166,3.0,1.0,0.0,1.0,22.0
经,君子以经纶,"屯：元，亨，利，贞；勿用有攸往，利建侯。|云雷屯，君子以经纶。
",./易经.txt,j,ing,1,8,n,0.6666666666666666,0.8595504924016432,5.0,1.0,0.0,3.0,28.0
纶,君子以经纶,"屯：元，亨，利，贞；勿用有攸往，利建侯。|云雷屯，君子以经纶。
",./易经.txt,l,uen,2,7,x,0.5,0.8595504924016432,5.0,1.0,0.0,4.0,29.0
桓,磐桓,"初九，磐桓，利居贞，利建侯。|虽磐桓，志行正也。以贵下贱，大得民也。
",./易经.txt,h,uan,2,10,nr,0.5,-0.5755185864796883,2.0,1.0,0.0,1.0,4.0
桓,虽磐桓,"初九，磐桓，利居贞，利建侯。|虽磐桓，志行正也。以贵下贱，大得民也。
",./易经.txt,h,uan,2,10,nr,0.5,-0.6476685249564166,3.0,1.0,0.0,2.0,17.0
居,利居贞,"初九，磐桓，利居贞，利建侯。|虽磐桓，志行正也。以贵下贱，大得民也。
",./易经.txt,j,v,1,8,v,0.6666666666666666,-0.8802817507203541,3.0,1.0,0.0,1.0,7.0
虽,虽磐桓,"初九，磐桓，利居贞，利建侯。|虽磐桓，志行正也。以贵下贱，大得民也。
",./易经.txt,s,uei,1,9,zg,0.5,-0.6476685249564166,3.0,1.0,0.0,0.0,15.0
虽,虽有小言,"九二，需于沙，小有言，终吉。|""需于沙""，衍在中也；虽有小言，以终吉也。
",./易经.txt,s,uei,1,9,zg,0.5,-0.9135952328749597,4.0,1.0,0.0,0.0,26.0
虽,虽不当位,"上六，入于穴，有不速之客三人来；敬之，终吉。|""不速之客来，敬之终吉""。虽不当位，未大失也。
",./易经.txt,s,uei,1,9,zg,0.5,-0.943000869120517,4.0,1.0,0.0,0.0,36.0
虽,虽,"初六，不永所事；小有言，终吉。|""不永所事""，讼不可长也；虽""小有言""，其辩明也。
",./易经.txt,s,uei,1,9,zg,0.5,0.5,1.0,1.0,0.0,0.0,29.0
民,大得民也,"初九，磐桓，利居贞，利建侯。|虽磐桓，志行正也。以贵下贱，大得民也。
",./易经.txt,m,in,2,5,ng,0.7499999999999999,0.7686616934763487,4.0,1.0,0.0,2.0,31.0
民,君子以容民畜众,"师：贞，丈人吉，无咎。|地中有水，师；君子以容民畜众。
",./易经.txt,m,in,2,5,ng,0.7499999999999999,0.8308268680914206,7.0,1.0,0.0,4.0,23.0
如,屯如邅如,"六二，屯如邅如，乘马班如。匪寇婚媾，女子贞不字，十年后才生育。|六二之难，乘刚也。""十年乃字""，反常也。
",./易经.txt,r,u,2,6,v,0.9230769230769229,0.9829867533524504,4.0,1.0,0.0,1.0,4.0
如,屯如邅如,"六二，屯如邅如，乘马班如。匪寇婚媾，女子贞不字，十年后才生育。|六二之难，乘刚也。""十年乃字""，反常也。
",./易经.txt,r,u,2,6,v,0.9230769230769229,0.9829867533524504,4.0,1.0,0.0,1.0,4.0
如,乘马班如,"六二，屯如邅如，乘马班如。匪寇婚媾，女子贞不字，十年后才生育。|六二之难，乘刚也。""十年乃字""，反常也。
",./易经.txt,r,u,2,6,v,0.9230769230769229,0.6851384150371497,4.0,1.0,0.0,3.0,11.0
如,乘马班如,"六四，乘马班如，求婚媾，往吉，无不利。|求而往，明也。
",./易经.txt,r,u,2,6,v,0.9230769230769229,0.6851384150371497,4.0,1.0,0.0,3.0,6.0
如,乘马班如,"上六，乘马班如，泣血涟如。|""泣血涟如""，何可长也？
",./易经.txt,r,u,2,6,v,0.9230769230769229,0.6851384150371497,4.0,1.0,0.0,3.0,6.0
如,不如舍,"六三，即主鹿无虞，惟入于林中，君子几，不如舍，往吝。|""即鹿无虞""，以从禽也。君子舍之，往吝穷也。
",./易经.txt,r,u,2,6,v,0.9230769230769229,-0.5304825868194785,3.0,1.0,0.0,1.0,20.0
如,泣血涟如,"上六，乘马班如，泣血涟如。|""泣血涟如""，何可长也？
",./易经.txt,r,u,2,6,v,0.9230769230769229,0.8671625267699297,4.0,1.0,0.0,3.0,11.0
如,有孚挛如,"九五，有孚挛如，富以其邻。|""有孚挛如""，不独富也。
",./易经.txt,r,u,2,6,v,0.9230769230769229,-0.5094341734653924,4.0,1.0,0.0,3.0,6.0
邅,屯如邅如,"六二，屯如邅如，乘马班如。匪寇婚媾，女子贞不字，十年后才生育。|六二之难，乘刚也。""十年乃字""，反常也。
",./易经.txt,zh,an,1,16,zg,0.5,0.9829867533524504,4.0,1.0,0.0,2.0,5.0
乘,乘马班如,"六二，屯如邅如，乘马班如。匪寇婚媾，女子贞不字，十年后才生育。|六二之难，乘刚也。""十年乃字""，反常也。
",./易经.txt,ch,eng,2,10,v,0.6666666666666666,0.6851384150371497,4.0,1.0,0.0,0.0,8.0
乘,乘马班如,"六四，乘马班如，求婚媾，往吉，无不利。|求而往，明也。
",./易经.txt,ch,eng,2,10,v,0.6666666666666666,0.6851384150371497,4.0,1.0,0.0,0.0,3.0
乘,乘马班如,"上六，乘马班如，泣血涟如。|""泣血涟如""，何可长也？
",./易经.txt,ch,eng,2,10,v,0.6666666666666666,0.6851384150371497,4.0,1.0,0.0,0.0,3.0
乘,乘刚也,"六二，屯如邅如，乘马班如。匪寇婚媾，女子贞不字，十年后才生育。|六二之难，乘刚也。""十年乃字""，反常也。
",./易经.txt,ch,eng,2,10,v,0.6666666666666666,-0.5137882363692153,3.0,1.0,0.0,0.0,37.0
婚,匪寇婚媾,"六二，屯如邅如，乘马班如。匪寇婚媾，女子贞不字，十年后才生育。|六二之难，乘刚也。""十年乃字""，反常也。
",./易经.txt,h,uen,1,11,n,0.6666666666666666,-0.6476685249564166,4.0,1.0,0.0,2.0,15.0
婚,求婚媾,"六四，乘马班如，求婚媾，往吉，无不利。|求而往，明也。
",./易经.txt,h,uen,1,11,n,0.6666666666666666,0.8567839626530854,3.0,1.0,0.0,1.0,9.0
十,十年后才生育,"六二，屯如邅如，乘马班如。匪寇婚媾，女子贞不字，十年后才生育。|六二之难，乘刚也。""十年乃字""，反常也。
",./易经.txt,sh,i,2,2,m,0.5,0.768646747803011,6.0,1.0,0.0,0.0,24.0
十,十年乃字,"六二，屯如邅如，乘马班如。匪寇婚媾，女子贞不字，十年后才生育。|六二之难，乘刚也。""十年乃字""，反常也。
",./易经.txt,sh,i,2,2,m,0.5,-0.6206707661237241,4.0,1.0,0.0,0.0,42.0
年,十年后才生育,"六二，屯如邅如，乘马班如。匪寇婚媾，女子贞不字，十年后才生育。|六二之难，乘刚也。""十年乃字""，反常也。
",./易经.txt,n,ian,2,6,m,0.6046511627906977,0.768646747803011,6.0,1.0,0.0,1.0,25.0
年,十年乃字,"六二，屯如邅如，乘马班如。匪寇婚媾，女子贞不字，十年后才生育。|六二之难，乘刚也。""十年乃字""，反常也。
",./易经.txt,n,ian,2,6,m,0.6046511627906977,-0.6206707661237241,4.0,1.0,0.0,1.0,43.0
才,十年后才生育,"六二，屯如邅如，乘马班如。匪寇婚媾，女子贞不字，十年后才生育。|六二之难，乘刚也。""十年乃字""，反常也。
",./易经.txt,c,ai,2,3,d,0.5981012658227846,0.768646747803011,6.0,1.0,0.0,3.0,27.0
生,十年后才生育,"六二，屯如邅如，乘马班如。匪寇婚媾，女子贞不字，十年后才生育。|六二之难，乘刚也。""十年乃字""，反常也。
",./易经.txt,sh,eng,1,5,vn,0.7058823529411765,0.768646747803011,6.0,1.0,0.0,4.0,28.0
难,六二之难,"六二，屯如邅如，乘马班如。匪寇婚媾，女子贞不字，十年后才生育。|六二之难，乘刚也。""十年乃字""，反常也。
",./易经.txt,n,an,2,10,a,0.7083333333333331,0.725447014469334,4.0,1.0,0.0,3.0,35.0
难,不犯难行也,"初九，需于郊，利用恒，无咎。|""需于郊""，不犯难行也；""""利用恒，无咎""，未失常也。
",./易经.txt,n,an,2,10,a,0.7083333333333331,-0.6975110007347545,5.0,1.0,0.0,2.0,23.0
刚,乘刚也,"六二，屯如邅如，乘马班如。匪寇婚媾，女子贞不字，十年后才生育。|六二之难，乘刚也。""十年乃字""，反常也。
",./易经.txt,g,ang,1,6,d,0.59375,-0.5137882363692153,3.0,1.0,0.0,1.0,38.0
刚,刚柔接也,"九二，包蒙，吉。纳妇，吉；子克家。|""子克家""，刚柔接也。
",./易经.txt,g,ang,1,6,d,0.59375,0.5091591295246213,4.0,1.0,0.0,0.0,24.0
常,反常也,"六二，屯如邅如，乘马班如。匪寇婚媾，女子贞不字，十年后才生育。|六二之难，乘刚也。""十年乃字""，反常也。
",./易经.txt,ch,ang,2,11,d,0.7142857142857141,-0.5160997293929656,3.0,1.0,0.0,1.0,49.0
常,未失常也,"初九，需于郊，利用恒，无咎。|""需于郊""，不犯难行也；""""利用恒，无咎""，未失常也。
",./易经.txt,ch,ang,2,11,d,0.7142857142857141,0.7756707710496404,4.0,1.0,0.0,2.0,39.0
常,示失常也,"六四，师左次，无咎。|""左次无咎""，示失常也。
",./易经.txt,ch,ang,2,11,d,0.7142857142857141,-0.5911749035758779,4.0,1.0,0.0,2.0,20.0
即,即主鹿无虞,"六三，即主鹿无虞，惟入于林中，君子几，不如舍，往吝。|""即鹿无虞""，以从禽也。君子舍之，往吝穷也。
",./易经.txt,j,i,2,7,v,0.5,0.7624631900488226,5.0,1.0,0.0,0.0,3.0
即,即鹿无虞,"六三，即主鹿无虞，惟入于林中，君子几，不如舍，往吝。|""即鹿无虞""，以从禽也。君子舍之，往吝穷也。
",./易经.txt,j,i,2,7,v,0.5,-0.6476685249564166,4.0,1.0,0.0,0.0,28.0
即,复即命,"九四，不克讼；复即命，渝，安贞吉。|""复即命，渝""，安贞不失也。
",./易经.txt,j,i,2,7,v,0.5,-0.7338552981820969,3.0,1.0,0.0,1.0,8.0
虞,即主鹿无虞,"六三，即主鹿无虞，惟入于林中，君子几，不如舍，往吝。|""即鹿无虞""，以从禽也。君子舍之，往吝穷也。
",./易经.txt,,v,2,13,nr,0.5,0.7624631900488226,5.0,1.0,0.0,4.0,7.0
虞,即鹿无虞,"六三，即主鹿无虞，惟入于林中，君子几，不如舍，往吝。|""即鹿无虞""，以从禽也。君子舍之，往吝穷也。
",./易经.txt,,v,2,13,nr,0.5,-0.6476685249564166,4.0,1.0,0.0,3.0,31.0
惟,惟入于林中,"六三，即主鹿无虞，惟入于林中，君子几，不如舍，往吝。|""即鹿无虞""，以从禽也。君子舍之，往吝穷也。
",./易经.txt,,uei,2,11,b,0.5,-0.6476685249564166,5.0,1.0,0.0,0.0,9.0
林,惟入于林中,"六三，即主鹿无虞，惟入于林中，君子几，不如舍，往吝。|""即鹿无虞""，以从禽也。君子舍之，往吝穷也。
",./易经.txt,l,in,2,8,ng,0.5,-0.6476685249564166,5.0,1.0,0.0,3.0,12.0
禽,以从禽也,"六三，即主鹿无虞，惟入于林中，君子几，不如舍，往吝。|""即鹿无虞""，以从禽也。君子舍之，往吝穷也。
",./易经.txt,q,in,2,12,n,0.5,0.7415409566795791,4.0,1.0,0.0,2.0,36.0
禽,田有禽,"六五，田有禽，利执言，无咎；长子帅师，弟子舆尸，贞凶。|""长子帅师""，以中行也；""弟子舆尸""，使不当也。
",./易经.txt,q,in,2,12,n,0.5,-0.8212878636088317,3.0,1.0,0.0,2.0,5.0
禽,失前禽,"九五，显比；王用三驱，失前禽，邑人不诫，吉。|""显比""之吉，位正中也，舍逆取顺，失前禽也；邑人不诫，上使中也。
",./易经.txt,q,in,2,12,n,0.5,-0.7679181911843143,3.0,1.0,0.0,2.0,13.0
禽,失前禽也,"九五，显比；王用三驱，失前禽，邑人不诫，吉。|""显比""之吉，位正中也，舍逆取顺，失前禽也；邑人不诫，上使中也。
",./易经.txt,q,in,2,12,n,0.5,-0.7792006919293646,4.0,1.0,0.0,2.0,42.0
求,求婚媾,"六四，乘马班如，求婚媾，往吉，无不利。|求而往，明也。
",./易经.txt,q,iou,2,7,v,0.8902439024390244,0.8567839626530854,3.0,1.0,0.0,0.0,8.0
求,求而往,"六四，乘马班如，求婚媾，往吉，无不利。|求而往，明也。
",./易经.txt,q,iou,2,7,v,0.8902439024390244,0.7743631023787825,3.0,1.0,0.0,0.0,20.0
求,匪我求童蒙,"蒙：亨。匪我求童蒙，童蒙求我；初筮告，再三渎，渎则不告。利贞。|山下出泉，蒙；君子以果行育德。
",./易经.txt,q,iou,2,7,v,0.8902439024390244,0.7802349944482005,5.0,1.0,0.0,2.0,6.0
求,童蒙求我,"蒙：亨。匪我求童蒙，童蒙求我；初筮告，再三渎，渎则不告。利贞。|山下出泉，蒙；君子以果行育德。
",./易经.txt,q,iou,2,7,v,0.8902439024390244,0.8279887426160464,4.0,1.0,0.0,2.0,12.0
而,求而往,"六四，乘马班如，求婚媾，往吉，无不利。|求而往，明也。
",./易经.txt,,er,2,6,c,0.5384615384615385,0.7743631023787825,3.0,1.0,0.0,1.0,21.0
而,归而逋,"九二，不克讼，归而逋，其邑人三百户，无眚。|""不克讼，归逋窜也""；自下讼上，患至掇也。
",./易经.txt,,er,2,6,c,0.5384615384615385,-0.6117456503970984,3.0,1.0,0.0,1.0,8.0
明,明也,"六四，乘马班如，求婚媾，往吉，无不利。|求而往，明也。
",./易经.txt,m,ing,2,8,a,0.8,-0.8101085332319843,2.0,1.0,0.0,0.0,24.0
明,其辩明也,"初六，不永所事；小有言，终吉。|""不永所事""，讼不可长也；虽""小有言""，其辩明也。
",./易经.txt,m,ing,2,8,a,0.8,0.5354407499015896,4.0,1.0,0.0,2.0,38.0
凶,大贞凶,"九五，屯其膏，小贞吉，大贞凶。|""屯其膏""，施未光也。
",./易经.txt,x,iong,1,4,zg,0.6666666666666666,-0.730576702069401,3.0,1.0,0.0,2.0,13.0
凶,终凶,"讼：有孚窒惕，中吉；终凶，利见大人，不利涉大川。|天与水违行，讼；君子以作事谋始。
",./易经.txt,x,iong,1,4,zg,0.6666666666666666,-0.730576702069401,2.0,1.0,0.0,1.0,11.0
凶,否臧凶,"初六，师出以律，否臧凶。|""师出以律""，失律凶也。
",./易经.txt,x,iong,1,4,zg,0.6666666666666666,0.6200606548506866,3.0,1.0,0.0,2.0,10.0
凶,失律凶也,"初六，师出以律，否臧凶。|""师出以律""，失律凶也。
",./易经.txt,x,iong,1,4,zg,0.6666666666666666,-0.9216505553645509,4.0,1.0,0.0,2.0,22.0
凶,凶,"六三，师或舆尸，凶。|""师或舆尸""，大无功也。
",./易经.txt,x,iong,1,4,zg,0.6666666666666666,-0.6666666666666666,1.0,1.0,0.0,0.0,8.0
凶,凶,"上六，比之无首，凶。|""比之无首""，无所终也。
",./易经.txt,x,iong,1,4,zg,0.6666666666666666,-0.6666666666666666,1.0,1.0,0.0,0.0,8.0
凶,贞凶,"六五，田有禽，利执言，无咎；长子帅师，弟子舆尸，贞凶。|""长子帅师""，以中行也；""弟子舆尸""，使不当也。
",./易经.txt,x,iong,1,4,zg,0.6666666666666666,-0.730576702069401,2.0,1.0,0.0,1.0,25.0
凶,后夫凶,"比：吉。原筮，元永贞，无咎。不宁方来，后夫凶。|地上有水，比；先王以建万国，亲诸侯。
",./易经.txt,x,iong,1,4,zg,0.6666666666666666,-0.730576702069401,3.0,1.0,0.0,2.0,21.0
凶,君子征凶,"上九，既雨既处，尚德载；妇贞厉，月几望；君子征凶。|""既雨既处""，德积载也；""君子征凶""，有所疑也。
",./易经.txt,x,iong,1,4,zg,0.6666666666666666,0.6200606548506866,4.0,1.0,0.0,3.0,23.0
涟,泣血涟如,"上六，乘马班如，泣血涟如。|""泣血涟如""，何可长也？
",./易经.txt,l,ian,2,10,ns,0.5,0.8671625267699297,4.0,1.0,0.0,2.0,10.0
何,何可长也,"上六，乘马班如，泣血涟如。|""泣血涟如""，何可长也？
",./易经.txt,h,e,2,7,r,0.6666666666666666,0.7043093401780773,4.0,1.0,0.0,0.0,21.0
何,何其咎,"初九，复自道，何其咎？吉。|""复自道""，其义吉也。
",./易经.txt,h,e,2,7,r,0.6666666666666666,0.5959802767398612,3.0,1.0,0.0,0.0,7.0
蒙,蒙,"蒙：亨。匪我求童蒙，童蒙求我；初筮告，再三渎，渎则不告。利贞。|山下出泉，蒙；君子以果行育德。
",./易经.txt,m,eng,2,13,v,0.6666666666666666,-0.6666666666666666,1.0,1.0,0.0,0.0,0.0
蒙,匪我求童蒙,"蒙：亨。匪我求童蒙，童蒙求我；初筮告，再三渎，渎则不告。利贞。|山下出泉，蒙；君子以果行育德。
",./易经.txt,m,eng,2,13,v,0.6666666666666666,0.7802349944482005,5.0,1.0,0.0,4.0,8.0
蒙,童蒙求我,"蒙：亨。匪我求童蒙，童蒙求我；初筮告，再三渎，渎则不告。利贞。|山下出泉，蒙；君子以果行育德。
",./易经.txt,m,eng,2,13,v,0.6666666666666666,0.8279887426160464,4.0,1.0,0.0,1.0,11.0
蒙,发蒙,"初六，发蒙，利用刑人，用说桎梏；以往吝。|利用刑人，以正法也。
",./易经.txt,m,eng,2,13,v,0.6666666666666666,0.5,2.0,1.0,0.0,1.0,4.0
蒙,包蒙,"九二，包蒙，吉。纳妇，吉；子克家。|""子克家""，刚柔接也。
",./易经.txt,m,eng,2,13,v,0.6666666666666666,-0.5755185864796883,2.0,1.0,0.0,1.0,4.0
蒙,困蒙,"六四，困蒙，吝。|""困蒙之吝"",独远实也。
",./易经.txt,m,eng,2,13,v,0.6666666666666666,-0.8714500737862073,2.0,1.0,0.0,1.0,4.0
蒙,困蒙之吝,"六四，困蒙，吝。|""困蒙之吝"",独远实也。
",./易经.txt,m,eng,2,13,v,0.6666666666666666,-0.9257143438299505,4.0,1.0,0.0,1.0,11.0
蒙,童蒙,"六五，童蒙，吉。|""童蒙之吉""""，顺以巽也。
",./易经.txt,m,eng,2,13,v,0.6666666666666666,0.5,2.0,1.0,0.0,1.0,4.0
蒙,童蒙之吉,"六五，童蒙，吉。|""童蒙之吉""""，顺以巽也。
",./易经.txt,m,eng,2,13,v,0.6666666666666666,-0.6476685249564166,4.0,1.0,0.0,1.0,11.0
蒙,击蒙,"上九，击蒙，不利为寇，利御寇。|""利用御寇""，上下顺也。
",./易经.txt,m,eng,2,13,v,0.6666666666666666,-0.7305767020694016,2.0,1.0,0.0,1.0,4.0
则,渎则不告,"蒙：亨。匪我求童蒙，童蒙求我；初筮告，再三渎，渎则不告。利贞。|山下出泉，蒙；君子以果行育德。
",./易经.txt,z,e,2,6,d,0.8,-0.8274454831309813,4.0,1.0,0.0,1.0,24.0
山,山下出泉,"蒙：亨。匪我求童蒙，童蒙求我；初筮告，再三渎，渎则不告。利贞。|山下出泉，蒙；君子以果行育德。
",./易经.txt,sh,an,1,3,n,0.6666666666666666,-0.534645138741758,4.0,1.0,0.0,0.0,32.0
出,山下出泉,"蒙：亨。匪我求童蒙，童蒙求我；初筮告，再三渎，渎则不告。利贞。|山下出泉，蒙；君子以果行育德。
",./易经.txt,ch,u,1,5,v,0.6153846153846152,-0.534645138741758,4.0,1.0,0.0,2.0,34.0
出,出自穴,"六四，需于血，出自穴。|""需于血""，顺以听也。
",./易经.txt,ch,u,1,5,v,0.6153846153846152,-0.7305767020694016,3.0,1.0,0.0,0.0,7.0
出,师出以律,"初六，师出以律，否臧凶。|""师出以律""，失律凶也。
",./易经.txt,ch,u,1,5,v,0.6153846153846152,0.8783782880958596,4.0,1.0,0.0,1.0,4.0
出,血去惕出,"六四，有孚；血去惕出，无咎。|""有孚惕出"",上合志也。
",./易经.txt,ch,u,1,5,v,0.6153846153846152,-0.733610177476786,4.0,1.0,0.0,3.0,9.0
出,有孚惕出,"六四，有孚；血去惕出，无咎。|""有孚惕出"",上合志也。
",./易经.txt,ch,u,1,5,v,0.6153846153846152,-0.8862145272322248,4.0,1.0,0.0,3.0,19.0
泉,山下出泉,"蒙：亨。匪我求童蒙，童蒙求我；初筮告，再三渎，渎则不告。利贞。|山下出泉，蒙；君子以果行育德。
",./易经.txt,q,van,2,9,ns,0.5,-0.534645138741758,4.0,1.0,0.0,3.0,35.0
刑,利用刑人,"初六，发蒙，利用刑人，用说桎梏；以往吝。|利用刑人，以正法也。
",./易经.txt,x,ing,2,6,n,0.5,0.6816631183505033,4.0,1.0,0.0,2.0,8.0
说,用说桎梏,"初六，发蒙，利用刑人，用说桎梏；以往吝。|利用刑人，以正法也。
",./易经.txt,sh,uo,1,9,v,0.5254048017867113,-0.596088407074918,4.0,1.0,0.0,1.0,12.0
说,舆说辐,"九三，舆说辐，夫妻反目。|夫妻反目，不能正室也。
",./易经.txt,sh,uo,1,9,v,0.5254048017867113,-0.6705145918664485,3.0,1.0,0.0,1.0,4.0
家,子克家,"九二，包蒙，吉。纳妇，吉；子克家。|""子克家""，刚柔接也。
",./易经.txt,j,ia,1,10,q,0.6734693877551018,0.5252439690646721,3.0,1.0,0.0,2.0,15.0
家,开国承家,"上六，大君有命，开国承家，小人勿用。|""大君有命""，以正功也；""小人勿用。必乱邦也。
",./易经.txt,j,ia,1,10,q,0.6734693877551018,0.5287463223646284,4.0,1.0,0.0,3.0,11.0
柔,刚柔接也,"九二，包蒙，吉。纳妇，吉；子克家。|""子克家""，刚柔接也。
",./易经.txt,r,ou,2,9,v,0.5,0.5091591295246213,4.0,1.0,0.0,1.0,25.0
接,刚柔接也,"九二，包蒙，吉。纳妇，吉；子克家。|""子克家""，刚柔接也。
",./易经.txt,j,ie,1,11,v,0.5999999999999999,0.5091591295246213,4.0,1.0,0.0,2.0,26.0
金,见金夫,"六三，勿用取女，见金夫，不有躬，无攸利。|""勿用取女""，行不顺也。
",./易经.txt,j,in,1,8,nr,0.625,0.6065056340604339,3.0,1.0,0.0,1.0,9.0
夫,见金夫,"六三，勿用取女，见金夫，不有躬，无攸利。|""勿用取女""，行不顺也。
",./易经.txt,f,u,1,4,n,0.6666666666666666,0.6065056340604339,3.0,1.0,0.0,2.0,10.0
夫,后夫凶,"比：吉。原筮，元永贞，无咎。不宁方来，后夫凶。|地上有水，比；先王以建万国，亲诸侯。
",./易经.txt,f,u,1,4,n,0.6666666666666666,-0.730576702069401,3.0,1.0,0.0,1.0,20.0
夫,夫妻反目,"九三，舆说辐，夫妻反目。|夫妻反目，不能正室也。
",./易经.txt,f,u,1,4,n,0.6666666666666666,0.7866810801071997,4.0,1.0,0.0,0.0,7.0
躬,不有躬,"六三，勿用取女，见金夫，不有躬，无攸利。|""勿用取女""，行不顺也。
",./易经.txt,g,ong,1,10,v,0.5,-0.9528532577381066,3.0,1.0,0.0,2.0,14.0
实,独远实也,"六四，困蒙，吝。|""困蒙之吝"",独远实也。
",./易经.txt,sh,i,2,8,n,0.6666666666666666,-0.8394386184164538,4.0,1.0,0.0,2.0,18.0
击,击蒙,"上九，击蒙，不利为寇，利御寇。|""利用御寇""，上下顺也。
",./易经.txt,j,i,1,5,v,0.5,-0.7305767020694016,2.0,1.0,0.0,0.0,3.0
需,需,"需：有孚，光亨，贞吉，利涉大川。|云上于天，需；君子以饮食宴乐。
",./易经.txt,x,v,1,14,v,0.7499999999999999,0.7499999999999999,1.0,1.0,0.0,0.0,0.0
需,需于郊,"初九，需于郊，利用恒，无咎。|""需于郊""，不犯难行也；""""利用恒，无咎""，未失常也。
",./易经.txt,x,v,1,14,v,0.7499999999999999,0.7494988900704626,3.0,1.0,0.0,0.0,3.0
需,需于沙,"九二，需于沙，小有言，终吉。|""需于沙""，衍在中也；虽有小言，以终吉也。
",./易经.txt,x,v,1,14,v,0.7499999999999999,0.7494988900704626,3.0,1.0,0.0,0.0,3.0
需,需于泥,"九三，需于泥，致寇至。|""需于泥""，灾在外也；自我致寇，敬慎不败也。
",./易经.txt,x,v,1,14,v,0.7499999999999999,0.7494988900704626,3.0,1.0,0.0,0.0,3.0
需,需于血,"六四，需于血，出自穴。|""需于血""，顺以听也。
",./易经.txt,x,v,1,14,v,0.7499999999999999,0.6917384717521694,3.0,1.0,0.0,0.0,3.0
需,需于酒食,"九五，需于酒食，贞吉。|""酒食贞吉""，以中正也。
",./易经.txt,x,v,1,14,v,0.7499999999999999,0.7494988900704626,4.0,1.0,0.0,0.0,3.0
孚,有孚,"需：有孚，光亨，贞吉，利涉大川。|云上于天，需；君子以饮食宴乐。
",./易经.txt,f,u,2,7,nrt,0.5,-0.8714500737862073,2.0,1.0,0.0,1.0,3.0
孚,有孚,"六四，有孚；血去惕出，无咎。|""有孚惕出"",上合志也。
",./易经.txt,f,u,2,7,nrt,0.5,-0.8714500737862073,2.0,1.0,0.0,1.0,4.0
孚,有孚窒惕,"讼：有孚窒惕，中吉；终凶，利见大人，不利涉大川。|天与水违行，讼；君子以作事谋始。
",./易经.txt,f,u,2,7,nrt,0.5,-0.9257143438299505,4.0,1.0,0.0,1.0,3.0
孚,有孚比之,"初六，有孚比之，无咎；有孚盈缶，终来有它，吉。|《比》之初六，有它吉也。
",./易经.txt,f,u,2,7,nrt,0.5,-0.9018759527463962,4.0,1.0,0.0,1.0,4.0
孚,有孚盈缶,"初六，有孚比之，无咎；有孚盈缶，终来有它，吉。|《比》之初六，有它吉也。
",./易经.txt,f,u,2,7,nrt,0.5,-0.9614243636871364,4.0,1.0,0.0,1.0,12.0
孚,有孚惕出,"六四，有孚；血去惕出，无咎。|""有孚惕出"",上合志也。
",./易经.txt,f,u,2,7,nrt,0.5,-0.8862145272322248,4.0,1.0,0.0,1.0,17.0
孚,有孚挛如,"九五，有孚挛如，富以其邻。|""有孚挛如""，不独富也。
",./易经.txt,f,u,2,7,nrt,0.5,-0.5094341734653924,4.0,1.0,0.0,1.0,4.0
川,利涉大川,"需：有孚，光亨，贞吉，利涉大川。|云上于天，需；君子以饮食宴乐。
",./易经.txt,ch,uan,1,3,j,0.8,-0.7861636186484144,4.0,1.0,0.0,3.0,14.0
川,不利涉大川,"讼：有孚窒惕，中吉；终凶，利见大人，不利涉大川。|天与水违行，讼；君子以作事谋始。
",./易经.txt,ch,uan,1,3,j,0.8,-0.6476685249564166,5.0,1.0,0.0,4.0,22.0
食,君子以饮食宴乐,"需：有孚，光亨，贞吉，利涉大川。|云上于天，需；君子以饮食宴乐。
",./易经.txt,sh,i,2,9,v,0.5,0.9002769324380446,7.0,1.0,0.0,4.0,28.0
食,需于酒食,"九五，需于酒食，贞吉。|""酒食贞吉""，以中正也。
",./易经.txt,sh,i,2,9,v,0.5,0.7494988900704626,4.0,1.0,0.0,3.0,6.0
食,酒食贞吉,"九五，需于酒食，贞吉。|""酒食贞吉""，以中正也。
",./易经.txt,sh,i,2,9,v,0.5,-0.6476685249564166,4.0,1.0,0.0,1.0,14.0
食,食旧德,"六三，食旧德，贞厉，终吉；或从王事，无成。|""食旧德""，从上吉也。
",./易经.txt,sh,i,2,9,v,0.5,0.7654783208198263,3.0,1.0,0.0,0.0,3.0
郊,需于郊,"初九，需于郊，利用恒，无咎。|""需于郊""，不犯难行也；""""利用恒，无咎""，未失常也。
",./易经.txt,j,iao,1,8,s,0.5,0.7494988900704626,3.0,1.0,0.0,2.0,5.0
郊,自我西郊,"小畜：亨；密云不雨，自我西郊。|风行天上，""小畜""；君子以懿文德。
",./易经.txt,j,iao,1,8,s,0.5,0.5252439690646721,4.0,1.0,0.0,3.0,13.0
恒,利用恒,"初九，需于郊，利用恒，无咎。|""需于郊""，不犯难行也；""""利用恒，无咎""，未失常也。
",./易经.txt,h,eng,2,9,nr,0.5,0.6887343660657357,3.0,1.0,0.0,2.0,9.0
失,未失常也,"初九，需于郊，利用恒，无咎。|""需于郊""，不犯难行也；""""利用恒，无咎""，未失常也。
",./易经.txt,sh,i,1,5,zg,0.7499999999999999,0.7756707710496404,4.0,1.0,0.0,1.0,38.0
失,未大失也,"上六，入于穴，有不速之客三人来；敬之，终吉。|""不速之客来，敬之终吉""。虽不当位，未大失也。
",./易经.txt,sh,i,1,5,zg,0.7499999999999999,0.7756707710496404,4.0,1.0,0.0,2.0,43.0
失,安贞不失也,"九四，不克讼；复即命，渝，安贞吉。|""复即命，渝""，安贞不失也。
",./易经.txt,sh,i,1,5,zg,0.7499999999999999,0.5049796817957098,5.0,1.0,0.0,3.0,29.0
失,失律凶也,"初六，师出以律，否臧凶。|""师出以律""，失律凶也。
",./易经.txt,sh,i,1,5,zg,0.7499999999999999,-0.9216505553645509,4.0,1.0,0.0,0.0,20.0
失,示失常也,"六四，师左次，无咎。|""左次无咎""，示失常也。
",./易经.txt,sh,i,1,5,zg,0.7499999999999999,-0.5911749035758779,4.0,1.0,0.0,1.0,19.0
失,不自失也,"六二，比之自内，贞吉。|""比之自内""，不自失也。
",./易经.txt,sh,i,1,5,zg,0.7499999999999999,-0.6178305237814274,4.0,1.0,0.0,2.0,21.0
失,失前禽,"九五，显比；王用三驱，失前禽，邑人不诫，吉。|""显比""之吉，位正中也，舍逆取顺，失前禽也；邑人不诫，上使中也。
",./易经.txt,sh,i,1,5,zg,0.7499999999999999,-0.7679181911843143,3.0,1.0,0.0,0.0,11.0
失,失前禽也,"九五，显比；王用三驱，失前禽，邑人不诫，吉。|""显比""之吉，位正中也，舍逆取顺，失前禽也；邑人不诫，上使中也。
",./易经.txt,sh,i,1,5,zg,0.7499999999999999,-0.7792006919293646,4.0,1.0,0.0,0.0,40.0
失,亦不自失也,"九二，牵复，吉。|牵复在中，亦不自失也。
",./易经.txt,sh,i,1,5,zg,0.7499999999999999,-0.5228855342612341,5.0,1.0,0.0,3.0,17.0
沙,需于沙,"九二，需于沙，小有言，终吉。|""需于沙""，衍在中也；虽有小言，以终吉也。
",./易经.txt,sh,a,1,7,nr,0.5,0.7494988900704626,3.0,1.0,0.0,2.0,5.0
言,小有言,"九二，需于沙，小有言，终吉。|""需于沙""，衍在中也；虽有小言，以终吉也。
",./易经.txt,,ian,2,7,vg,0.5714285714285716,-0.8863452767080552,3.0,1.0,0.0,2.0,9.0
言,小有言,"初六，不永所事；小有言，终吉。|""不永所事""，讼不可长也；虽""小有言""，其辩明也。
",./易经.txt,,ian,2,7,vg,0.5714285714285716,-0.8863452767080552,3.0,1.0,0.0,2.0,10.0
言,虽有小言,"九二，需于沙，小有言，终吉。|""需于沙""，衍在中也；虽有小言，以终吉也。
",./易经.txt,,ian,2,7,vg,0.5714285714285716,-0.9135952328749597,4.0,1.0,0.0,3.0,29.0
言,利执言,"六五，田有禽，利执言，无咎；长子帅师，弟子舆尸，贞凶。|""长子帅师""，以中行也；""弟子舆尸""，使不当也。
",./易经.txt,,ian,2,7,vg,0.5714285714285716,-0.8305648649479761,3.0,1.0,0.0,2.0,9.0
泥,需于泥,"九三，需于泥，致寇至。|""需于泥""，灾在外也；自我致寇，敬慎不败也。
",./易经.txt,n,i,2,8,n,0.5,0.7494988900704626,3.0,1.0,0.0,2.0,5.0
灾,灾在外也,"九三，需于泥，致寇至。|""需于泥""，灾在外也；自我致寇，敬慎不败也。
",./易经.txt,z,ai,1,7,n,0.5,-0.5911749035758771,4.0,1.0,0.0,0.0,18.0
穴,出自穴,"六四，需于血，出自穴。|""需于血""，顺以听也。
",./易经.txt,x,ve,2,5,ng,0.6666666666666666,-0.7305767020694016,3.0,1.0,0.0,2.0,9.0
穴,入于穴,"上六，入于穴，有不速之客三人来；敬之，终吉。|""不速之客来，敬之终吉""。虽不当位，未大失也。
",./易经.txt,x,ve,2,5,ng,0.6666666666666666,-0.7305767020694016,3.0,1.0,0.0,2.0,5.0
来,有不速之客三人来,"上六，入于穴，有不速之客三人来；敬之，终吉。|""不速之客来，敬之终吉""。虽不当位，未大失也。
",./易经.txt,l,ai,2,7,v,0.5560640732265446,-0.7789893933744431,8.0,1.0,0.0,7.0,14.0
来,不速之客来,"上六，入于穴，有不速之客三人来；敬之，终吉。|""不速之客来，敬之终吉""。虽不当位，未大失也。
",./易经.txt,l,ai,2,7,v,0.5560640732265446,-0.5197896614253631,5.0,1.0,0.0,4.0,28.0
来,不宁方来,"比：吉。原筮，元永贞，无咎。不宁方来，后夫凶。|地上有水，比；先王以建万国，亲诸侯。
",./易经.txt,l,ai,2,7,v,0.5560640732265446,0.704570807690271,4.0,1.0,0.0,3.0,17.0
来,终来有它,"初六，有孚比之，无咎；有孚盈缶，终来有它，吉。|《比》之初六，有它吉也。
",./易经.txt,l,ai,2,7,v,0.5560640732265446,-0.9173325278082622,4.0,1.0,0.0,1.0,17.0
违,天与水违行,"讼：有孚窒惕，中吉；终凶，利见大人，不利涉大川。|天与水违行，讼；君子以作事谋始。
",./易经.txt,,uei,2,7,vg,0.5,-0.6140972460357218,5.0,1.0,0.0,3.0,28.0
谋,君子以作事谋始,"讼：有孚窒惕，中吉；终凶，利见大人，不利涉大川。|天与水违行，讼；君子以作事谋始。
",./易经.txt,m,ou,2,11,v,0.5,0.7690145049259407,7.0,1.0,0.0,5.0,38.0
归,归而逋,"九二，不克讼，归而逋，其邑人三百户，无眚。|""不克讼，归逋窜也""；自下讼上，患至掇也。
",./易经.txt,g,uei,1,5,v,0.5,-0.6117456503970984,3.0,1.0,0.0,0.0,7.0
归,归逋窜也,"九二，不克讼，归而逋，其邑人三百户，无眚。|""不克讼，归逋窜也""；自下讼上，患至掇也。
",./易经.txt,g,uei,1,5,v,0.5,-0.6622255392473501,4.0,1.0,0.0,0.0,27.0
渝,渝,"九四，不克讼；复即命，渝，安贞吉。|""复即命，渝""，安贞不失也。
",./易经.txt,,v,2,12,j,0.5,0.5,1.0,1.0,0.0,0.0,11.0
锡,或锡之鞶带,"上九，或锡之鞶带，终朝三褫之。|以讼受服，亦不足敬也。
",./易经.txt,x,i,1,13,ns,0.6666666666666666,0.5800142346411492,5.0,1.0,0.0,1.0,4.0
锡,王三锡命,"九二，在师，中吉，无咎；王三锡命。|""在师中吉""，承天宠也；""王三锡命""，怀万邦也。
",./易经.txt,x,i,1,13,ns,0.6666666666666666,-0.5795982853527288,4.0,1.0,0.0,2.0,14.0
服,以讼受服,"上九，或锡之鞶带，终朝三褫之。|以讼受服，亦不足敬也。
",./易经.txt,f,u,2,8,v,0.5,0.8186396730168857,4.0,1.0,0.0,3.0,19.0
足,亦不足敬也,"上九，或锡之鞶带，终朝三褫之。|以讼受服，亦不足敬也。
",./易经.txt,z,u,2,7,a,0.6666666666666666,0.5049796817957098,5.0,1.0,0.0,2.0,23.0
师,师,"师：贞，丈人吉，无咎。|地中有水，师；君子以容民畜众。
",./易经.txt,sh,i,1,6,ng,0.7499999999999999,0.7499999999999999,1.0,1.0,0.0,0.0,0.0
师,师出以律,"初六，师出以律，否臧凶。|""师出以律""，失律凶也。
",./易经.txt,sh,i,1,6,ng,0.7499999999999999,0.8783782880958596,4.0,1.0,0.0,0.0,3.0
师,在师,"九二，在师，中吉，无咎；王三锡命。|""在师中吉""，承天宠也；""王三锡命""，怀万邦也。
",./易经.txt,sh,i,1,6,ng,0.7499999999999999,0.8984849913832277,2.0,1.0,0.0,1.0,4.0
师,在师中吉,"九二，在师，中吉，无咎；王三锡命。|""在师中吉""，承天宠也；""王三锡命""，怀万邦也。
",./易经.txt,sh,i,1,6,ng,0.7499999999999999,0.86716252676993,4.0,1.0,0.0,1.0,20.0
师,师或舆尸,"六三，师或舆尸，凶。|""师或舆尸""，大无功也。
",./易经.txt,sh,i,1,6,ng,0.7499999999999999,0.8348622688087075,4.0,1.0,0.0,0.0,3.0
师,师左次,"六四，师左次，无咎。|""左次无咎""，示失常也。
",./易经.txt,sh,i,1,6,ng,0.7499999999999999,0.8360654949835592,3.0,1.0,0.0,0.0,3.0
师,长子帅师,"六五，田有禽，利执言，无咎；长子帅师，弟子舆尸，贞凶。|""长子帅师""，以中行也；""弟子舆尸""，使不当也。
",./易经.txt,sh,i,1,6,ng,0.7499999999999999,0.7597307936760268,4.0,1.0,0.0,3.0,17.0
容,君子以容民畜众,"师：贞，丈人吉，无咎。|地中有水，师；君子以容民畜众。
",./易经.txt,r,ong,2,10,a,0.5999999999999999,0.8308268680914206,7.0,1.0,0.0,3.0,22.0
臧,否臧凶,"初六，师出以律，否臧凶。|""师出以律""，失律凶也。
",./易经.txt,z,ang,1,14,nr,0.5,0.6200606548506866,3.0,1.0,0.0,1.0,9.0
承,承天宠也,"九二，在师，中吉，无咎；王三锡命。|""在师中吉""，承天宠也；""王三锡命""，怀万邦也。
",./易经.txt,ch,eng,2,8,v,0.5,-0.5911749035758779,4.0,1.0,0.0,0.0,25.0
承,开国承家,"上六，大君有命，开国承家，小人勿用。|""大君有命""，以正功也；""小人勿用。必乱邦也。
",./易经.txt,ch,eng,2,8,v,0.5,0.5287463223646284,4.0,1.0,0.0,2.0,10.0
怀,怀万邦也,"九二，在师，中吉，无咎；王三锡命。|""在师中吉""，承天宠也；""王三锡命""，怀万邦也。
",./易经.txt,h,uai,2,7,v,0.5,-0.5283724896669951,4.0,1.0,0.0,0.0,37.0
舆,师或舆尸,"六三，师或舆尸，凶。|""师或舆尸""，大无功也。
",./易经.txt,,v,2,14,n,0.5,0.8348622688087075,4.0,1.0,0.0,2.0,5.0
舆,弟子舆尸,"六五，田有禽，利执言，无咎；长子帅师，弟子舆尸，贞凶。|""长子帅师""，以中行也；""弟子舆尸""，使不当也。
",./易经.txt,,v,2,14,n,0.5,0.620060654850685,4.0,1.0,0.0,2.0,21.0
舆,舆说辐,"九三，舆说辐，夫妻反目。|夫妻反目，不能正室也。
",./易经.txt,,v,2,14,n,0.5,-0.6705145918664485,3.0,1.0,0.0,0.0,3.0
尸,师或舆尸,"六三，师或舆尸，凶。|""师或舆尸""，大无功也。
",./易经.txt,sh,i,1,3,n,0.7499999999999999,0.8348622688087075,4.0,1.0,0.0,3.0,6.0
尸,弟子舆尸,"六五，田有禽，利执言，无咎；长子帅师，弟子舆尸，贞凶。|""长子帅师""，以中行也；""弟子舆尸""，使不当也。
",./易经.txt,sh,i,1,3,n,0.7499999999999999,0.620060654850685,4.0,1.0,0.0,3.0,22.0
功,大无功也,"六三，师或舆尸，凶。|""师或舆尸""，大无功也。
",./易经.txt,g,ong,1,5,n,0.6666666666666666,0.5091591295246205,4.0,1.0,0.0,2.0,20.0
功,以正功也,"上六，大君有命，开国承家，小人勿用。|""大君有命""，以正功也；""小人勿用。必乱邦也。
",./易经.txt,g,ong,1,5,n,0.6666666666666666,0.8095418124511287,4.0,1.0,0.0,2.0,28.0
执,利执言,"六五，田有禽，利执言，无咎；长子帅师，弟子舆尸，贞凶。|""长子帅师""，以中行也；""弟子舆尸""，使不当也。
",./易经.txt,zh,i,2,6,v,0.5,-0.8305648649479761,3.0,1.0,0.0,1.0,8.0
国,开国承家,"上六，大君有命，开国承家，小人勿用。|""大君有命""，以正功也；""小人勿用。必乱邦也。
",./易经.txt,g,uo,2,8,n,0.8,0.5287463223646284,4.0,1.0,0.0,1.0,9.0
国,先王以建万国,"比：吉。原筮，元永贞，无咎。不宁方来，后夫凶。|地上有水，比；先王以建万国，亲诸侯。
",./易经.txt,g,uo,2,8,n,0.8,0.6007391688342106,6.0,1.0,0.0,5.0,36.0
原,原筮,"比：吉。原筮，元永贞，无咎。不宁方来，后夫凶。|地上有水，比；先王以建万国，亲诸侯。
",./易经.txt,,van,2,10,n,0.5,-0.5755185864796883,2.0,1.0,0.0,0.0,4.0
宁,不宁方来,"比：吉。原筮，元永贞，无咎。不宁方来，后夫凶。|地上有水，比；先王以建万国，亲诸侯。
",./易经.txt,n,ing,2,5,j,0.6666666666666666,0.704570807690271,4.0,1.0,0.0,1.0,15.0
亲,亲诸侯,"比：吉。原筮，元永贞，无咎。不宁方来，后夫凶。|地上有水，比；先王以建万国，亲诸侯。
",./易经.txt,q,in,1,9,v,0.7230769230769232,0.6582201290414669,3.0,1.0,0.0,0.0,38.0
诸,亲诸侯,"比：吉。原筮，元永贞，无咎。不宁方来，后夫凶。|地上有水，比；先王以建万国，亲诸侯。
",./易经.txt,zh,u,1,10,r,0.5,0.6582201290414669,3.0,1.0,0.0,1.0,39.0
曰,曰,"六三，比之匪人。|曰""比之匪人""，不亦伤乎？
",./易经.txt,,ve,1,4,zg,0.5714285714285716,0.5714285714285716,1.0,1.0,0.0,0.0,9.0
伤,不亦伤乎,"六三，比之匪人。|曰""比之匪人""，不亦伤乎？
",./易经.txt,sh,ang,1,6,v,0.647058823529412,-0.8339867641841149,4.0,1.0,0.0,2.0,19.0
乎,不亦伤乎,"六三，比之匪人。|曰""比之匪人""，不亦伤乎？
",./易经.txt,h,u,1,5,zg,0.5,-0.8339867641841149,4.0,1.0,0.0,3.0,20.0
贤,外比于贤,"六四，外比之，贞吉。|外比于贤，以从上也。
",./易经.txt,x,ian,2,8,zg,0.5,-0.5015799829543375,4.0,1.0,0.0,3.0,14.0
驱,王用三驱,"九五，显比；王用三驱，失前禽，邑人不诫，吉。|""显比""之吉，位正中也，舍逆取顺，失前禽也；邑人不诫，上使中也。
",./易经.txt,q,v,1,7,v,0.5,0.6448173578605765,4.0,1.0,0.0,3.0,9.0
前,失前禽,"九五，显比；王用三驱，失前禽，邑人不诫，吉。|""显比""之吉，位正中也，舍逆取顺，失前禽也；邑人不诫，上使中也。
",./易经.txt,q,ian,2,9,f,0.625,-0.7679181911843143,3.0,1.0,0.0,1.0,12.0
前,失前禽也,"九五，显比；王用三驱，失前禽，邑人不诫，吉。|""显比""之吉，位正中也，舍逆取顺，失前禽也；邑人不诫，上使中也。
",./易经.txt,q,ian,2,9,f,0.625,-0.7792006919293646,4.0,1.0,0.0,1.0,41.0
风,风行天上,"小畜：亨；密云不雨，自我西郊。|风行天上，""小畜""；君子以懿文德。
",./易经.txt,f,eng,1,4,n,0.7142857142857141,0.5959802767398612,4.0,1.0,0.0,0.0,16.0
牵,牵复,"九二，牵复，吉。|牵复在中，亦不自失也。
",./易经.txt,q,ian,1,9,v,0.6666666666666666,0.5959802767398612,2.0,1.0,0.0,0.0,3.0
牵,牵复在中,"九二，牵复，吉。|牵复在中，亦不自失也。
",./易经.txt,q,ian,1,9,v,0.6666666666666666,0.792586131037329,4.0,1.0,0.0,0.0,9.0
辐,舆说辐,"九三，舆说辐，夫妻反目。|夫妻反目，不能正室也。
",./易经.txt,f,u,2,13,v,0.5,-0.6705145918664485,3.0,1.0,0.0,2.0,5.0
妻,夫妻反目,"九三，舆说辐，夫妻反目。|夫妻反目，不能正室也。
",./易经.txt,q,i,1,8,n,0.6666666666666666,0.7866810801071997,4.0,1.0,0.0,1.0,8.0
能,不能正室也,"九三，舆说辐，夫妻反目。|夫妻反目，不能正室也。
",./易经.txt,n,eng,2,10,v,0.732608695652174,-0.7075925502463012,5.0,1.0,0.0,1.0,19.0
合,上合志也,"六四，有孚；血去惕出，无咎。|""有孚惕出"",上合志也。
",./易经.txt,h,e,2,6,v,0.5,0.6747165823994838,4.0,1.0,0.0,1.0,23.0
挛,有孚挛如,"九五，有孚挛如，富以其邻。|""有孚挛如""，不独富也。
",./易经.txt,l,uan,2,10,v,0.5,-0.5094341734653924,4.0,1.0,0.0,2.0,5.0
邻,富以其邻,"九五，有孚挛如，富以其邻。|""有孚挛如""，不独富也。
",./易经.txt,l,in,2,7,n,0.5,0.7899852754436247,4.0,1.0,0.0,3.0,11.0
征,君子征凶,"上九，既雨既处，尚德载；妇贞厉，月几望；君子征凶。|""既雨既处""，德积载也；""君子征凶""，有所疑也。
",./易经.txt,zh,eng,1,8,v,0.6666666666666666,0.6200606548506866,4.0,1.0,0.0,2.0,22.0
积,德积载也,"上九，既雨既处，尚德载；妇贞厉，月几望；君子征凶。|""既雨既处""，德积载也；""君子征凶""，有所疑也。
",./易经.txt,j,i,1,10,v,0.5,0.6710784044515193,4.0,1.0,0.0,1.0,34.0
疑,有所疑也,"上九，既雨既处，尚德载；妇贞厉，月几望；君子征凶。|""既雨既处""，德积载也；""君子征凶""，有所疑也。
",./易经.txt,,i,2,14,vg,0.5,-0.5911749035758779,4.0,1.0,0.0,2.0,47.0
元,,,,,van,2,4,m,0.7499999999999999,0.0,,,,,
千,,,,q,ian,1,3,m,0.8,0.0,,,,,
忠,,,,zh,ong,1,8,nr,0.5,0.0,,,,,
行,,,,x,ing,2,6,zg,0.6515151515151514,0.0,,,,,
及,,,,j,i,2,3,c,-0.7499999999999999,0.0,,,,,
宫,,,,g,ong,1,9,nr,0.6666666666666666,0.0,,,,,
从,,,,c,ong,2,4,p,0.5999999999999999,0.0,,,,,
于,,,,,v,2,3,p,0.647058823529412,0.0,,,,,
能,,,,n,eng,2,10,v,0.732608695652174,0.0,,,,,
没,,,,m,ei,2,7,v,0.5616438356164383,0.0,,,,,
其,,,,q,i,2,8,r,0.625,0.0,,,,,
初,,,,ch,u,1,7,f,0.5,0.0,,,,,
即,,,,j,i,2,7,v,0.5,0.0,,,,,
七,,,,q,i,1,2,m,0.5,0.0,,,,,
龙,,,,l,ong,2,5,n,0.625,0.0,,,,,
阴,,,,,in,1,6,a,0.6666666666666666,0.0,,,,,
阳,,,,,iang,2,6,nr,0.5,0.0,,,,,
如,,,,r,u,2,6,v,0.9230769230769229,0.0,,,,,
之,,,,zh,i,1,3,u,0.5,0.0,,,,,
才,,,,c,ai,2,3,d,0.5981012658227846,0.0,,,,,
还,,,,h,ai,2,7,d,0.5516339869281045,0.0,,,,,
三,,,,s,an,1,3,m,0.7446808510638298,0.0,,,,,
闻,,,,,uen,2,9,v,0.5,0.0,,,,,
人,,,,r,en,2,2,n,0.5674904942965778,0.0,,,,,
年,,,,n,ian,2,6,m,0.6046511627906977,0.0,,,,,
轻,,,,q,ing,1,9,a,0.6666666666666666,0.0,,,,,
和,,,,h,e,2,8,c,0.5,0.0,,,,,
胡,,,,h,u,2,9,nr,0.5,0.0,,,,,
弗,,,,f,u,2,5,nr,0.5,0.0,,,,,
方,,,,f,ang,1,4,n,0.7777777777777779,0.0,,,,,
时,,,,sh,i,2,7,n,-0.5555555555555554,0.0,,,,,
黒,,,,h,ei,1,11,x,0.5,0.0,,,,,
秋,,,,q,iou,1,9,t,-0.6666666666666666,0.0,,,,,
乌,,,,,u,1,4,nr,0.6666666666666666,0.0,,,,,
戚,,,,q,i,1,11,nr,0.5,0.0,,,,,
无,,,,,u,2,4,v,-0.9318181818181818,0.0,,,,,
君,,,,j,vn,1,7,nz,0.6666666666666666,0.0,,,,,
华,,,,h,ua,2,6,ns,0.5,0.0,,,,,
丛,,,,c,ong,2,5,nr,0.5,0.0,,,,,
支,,,,zh,i,1,4,n,0.5,0.0,,,,,
幽,,,,,iou,1,9,n,0.5,0.0,,,,,
飞,,,,f,ei,1,3,n,0.7272727272727275,0.0,,,,,
存,,,,c,uen,2,6,v,0.5,0.0,,,,,
焉,,,,,ian,1,11,v,-0.6666666666666666,0.0,,,,,
乎,,,,h,u,1,5,zg,0.5,0.0,,,,,
丰,,,,f,eng,1,4,a,0.6666666666666666,0.0,,,,,
光,,,,g,uang,1,6,n,0.5555555555555554,0.0,,,,,
集,,,,j,i,2,12,q,0.6666666666666666,0.0,,,,,
合,,,,h,e,2,6,v,0.5,0.0,,,,,
生,,,,sh,eng,1,5,vn,0.7058823529411765,0.0,,,,,
成,,,,ch,eng,2,6,n,-0.6086956521739134,0.0,,,,,
十,,,,sh,i,2,2,m,0.5,0.0,,,,,
隆,,,,l,ong,2,11,nr,0.5,0.0,,,,,
昌,,,,ch,ang,1,8,nr,0.5,0.0,,,,,
仁,,,,r,en,2,4,ng,0.5,0.0,,,,,
司,,,,s,i,1,5,nr,0.5,0.0,,,,,
炎,,,,,ian,2,8,n,0.5,0.0,,,,,
先,,,,x,ian,1,6,d,0.5,0.0,,,,,
迷,,,,m,i,2,9,v,-0.5999999999999999,0.0,,,,,
些,,,,x,ie,1,8,q,0.7352941176470588,0.0,,,,,
来,,,,l,ai,2,7,v,0.5560640732265446,0.0,,,,,
西,,,,x,i,1,6,f,0.7499999999999999,0.0,,,,,
滋,,,,z,i,1,12,n,0.5,0.0,,,,,
冈,,,,g,ang,1,4,ns,0.5,0.0,,,,,
南,,,,n,an,2,9,ns,0.8333333333333333,0.0,,,,,
居,,,,j,v,1,8,v,-0.6666666666666666,0.0,,,,,
服,,,,f,u,2,8,v,0.5,0.0,,,,,
恩,,,,,en,1,10,nr,0.6623376623376626,0.0,,,,,
将,,,,j,iang,1,9,d,0.625,0.0,,,,,
修,,,,x,iou,1,9,v,0.5,0.0,,,,,
身,,,,sh,en,1,7,ng,0.7499999999999999,0.0,,,,,
衣,,,,,i,1,6,n,0.5,0.0,,,,,
肤,,,,f,u,1,8,n,0.5,0.0,,,,,
膜,,,,m,o,2,14,n,0.6666666666666666,0.0,,,,,
坚,,,,j,ian,1,7,v,0.7499999999999999,0.0,,,,,
尼,,,,n,i,2,5,nr,0.5714285714285716,0.0,,,,,
稀,,,,x,i,1,12,a,0.5,0.0,,,,,
直,,,,zh,i,2,8,d,0.5,0.0,,,,,
澄,,,,ch,eng,2,15,ns,0.5,0.0,,,,,
则,,,,z,e,2,6,d,0.8,0.0,,,,,
学,,,,x,ve,2,8,n,-0.5483870967741933,0.0,,,,,
真,,,,zh,en,1,10,d,0.5286458333333333,0.0,,,,,
传,,,,ch,uan,2,6,n,0.875,0.0,,,,,
源,,,,,van,2,13,ng,0.5,0.0,,,,,
含,,,,h,an,2,7,v,0.6666666666666666,0.0,,,,,
符,,,,f,u,2,11,v,0.7499999999999999,0.0,,,,,
规,,,,g,uei,1,8,n,0.5,0.0,,,,,
章,,,,zh,ang,1,11,q,0.5,0.0,,,,,
中,,,,zh,ong,1,4,f,0.5434782608695654,0.0,,,,,
孙,,,,s,uen,1,6,zg,0.6666666666666666,0.0,,,,,
情,,,,q,ing,2,11,n,0.692307692307692,0.0,,,,,
儿,,,,,er,2,2,n,0.5263157894736838,0.0,,,,,
发,,,,f,a,1,5,v,-0.5045871559633035,0.0,,,,,
出,,,,ch,u,1,5,v,0.6153846153846152,0.0,,,,,
言,,,,,ian,2,7,vg,-0.5714285714285716,0.0,,,,,
加,,,,j,ia,1,5,v,0.5591397849462363,0.0,,,,,
秦,,,,q,in,2,10,nr,0.5,0.0,,,,,
囊,,,,n,ang,2,22,zg,0.5,0.0,,,,,
疣,,,,,iou,2,9,g,0.5,0.0,,,,,
称,,,,ch,eng,1,10,v,-0.5714285714285716,0.0,,,,,
刚,,,,g,ang,1,6,d,-0.59375,0.0,,,,,
明,,,,m,ing,2,8,a,-0.8,0.0,,,,,
连,,,,l,ian,2,7,nr,-0.7500000000000002,0.0,,,,,
徐,,,,x,v,2,10,nr,0.8571428571428571,0.0,,,,,
陈,,,,ch,en,2,7,nr,-0.5454545454545455,0.0,,,,,
文,,,,,uen,2,4,n,0.5714285714285716,0.0,,,,,
渊,,,,,van,1,11,n,0.5,0.0,,,,,
愁,,,,ch,ou,2,13,v,-0.9473684210526315,0.0,,,,,
贞,,,,zh,en,1,6,nz,0.5,0.0,,,,,
村,,,,c,uen,1,7,zg,0.5714285714285716,0.0,,,,,
新,,,,x,in,1,13,a,0.8604651162790696,0.0,,,,,
王,,,,,uang,2,4,nr,0.529411764705882,0.0,,,,,
云,,,,,vn,2,4,ns,-0.6666666666666666,0.0,,,,,
葛,,,,g,e,2,12,nr,-0.6666666666666666,0.0,,,,,
经,,,,j,ing,1,8,n,0.6666666666666666,0.0,,,,,
安,,,,,an,1,6,v,0.6666666666666666,0.0,,,,,
城,,,,ch,eng,2,9,n,0.625,0.0,,,,,
尧,,,,,iao,2,6,zg,0.5,0.0,,,,,
虽,,,,s,uei,1,9,zg,0.5,0.0,,,,,
然,,,,r,an,2,12,c,0.7499999999999999,0.0,,,,,
依,,,,,i,1,8,d,0.8571428571428571,0.0,,,,,
仍,,,,r,eng,2,4,zg,-0.6666666666666666,0.0,,,,,
宜,,,,,i,2,8,vg,0.5,0.0,,,,,
痴,,,,ch,i,1,13,a,-0.7499999999999999,0.0,,,,,
金,,,,j,in,1,8,nr,0.625,0.0,,,,,
民,,,,m,in,2,5,ng,0.7499999999999999,0.0,,,,,
乡,,,,x,iang,1,3,n,-0.6666666666666666,0.0,,,,,
乘,,,,ch,eng,2,10,v,0.6666666666666666,0.0,,,,,
贼,,,,z,ei,2,10,n,0.5,0.0,,,,,
雷,,,,l,ei,2,13,n,0.6666666666666666,0.0,,,,,
甘,,,,g,an,1,5,nr,0.6666666666666666,0.0,,,,,
男,,,,n,an,2,7,n,0.6930693069306931,0.0,,,,,
容,,,,r,ong,2,10,a,-0.5999999999999999,0.0,,,,,
难,,,,n,an,2,10,a,0.7083333333333331,0.0,,,,,
实,,,,sh,i,2,8,n,-0.6666666666666666,0.0,,,,,
常,,,,ch,ang,2,11,d,0.7142857142857141,0.0,,,,,
牛,,,,n,iou,2,4,n,0.6333333333333333,0.0,,,,,
邢,,,,x,ing,2,6,nr,0.5,0.0,,,,,
殷,,,,,in,1,10,nr,0.5,0.0,,,,,
唯,,,,,uei,2,11,b,-0.6666666666666666,0.0,,,,,
迁,,,,q,ian,1,6,v,0.5,0.0,,,,,
什,,,,sh,en,2,4,r,0.8,0.0,,,,,
音,,,,,in,1,9,n,0.5999999999999999,0.0,,,,,
谋,,,,m,ou,2,11,v,0.5,0.0,,,,,
求,,,,q,iou,2,7,v,0.8902439024390244,0.0,,,,,
因,,,,,in,1,6,p,0.7142857142857141,0.0,,,,,
而,,,,,er,2,6,c,0.5384615384615385,0.0,,,,,
清,,,,q,ing,1,11,t,0.7142857142857141,0.0,,,,,
良,,,,l,iang,2,7,a,0.5,0.0,,,,,
杨,,,,,iang,2,7,nr,0.6666666666666666,0.0,,,,,
塞,,,,s,ai,1,13,v,0.6666666666666666,0.0,,,,,
姚,,,,,iao,2,9,nr,0.5,0.0,,,,,
凌,,,,l,ing,2,10,nr,0.6666666666666666,0.0,,,,,
宣,,,,x,van,1,9,nr,0.6666666666666666,0.0,,,,,
桥,,,,q,iao,2,10,n,0.7499999999999999,0.0,,,,,
瓜,,,,g,ua,1,5,n,0.5,0.0,,,,,
洲,,,,zh,ou,1,9,ng,0.5,0.0,,,,,
前,,,,q,ian,2,9,f,0.625,0.0,,,,,
山,,,,sh,an,1,3,n,0.6666666666666666,0.0,,,,,
黄,,,,h,uang,2,11,a,0.8888888888888888,0.0,,,,,
刑,,,,x,ing,2,6,n,0.5,0.0,,,,,
罚,,,,f,a,2,9,zg,0.5,0.0,,,,,
说,,,,sh,uo,1,9,v,-0.5254048017867113,0.0,,,,,
盒,,,,h,e,2,11,q,0.6666666666666666,0.0,,,,,
媳,,,,x,i,2,13,n,0.5,0.0,,,,,
余,,,,,v,2,7,m,-0.6666666666666666,0.0,,,,,
家,,,,j,ia,1,10,q,0.6734693877551018,0.0,,,,,
弓,,,,g,ong,1,3,v,0.5,0.0,,,,,
银,,,,,in,2,11,ng,0.7777777777777779,0.0,,,,,
夫,,,,f,u,1,4,n,0.6666666666666666,0.0,,,,,
承,,,,ch,eng,2,8,v,0.5,0.0,,,,,
延,,,,,ian,2,6,j,0.5,0.0,,,,,
离,,,,l,i,2,10,v,0.5384615384615385,0.0,,,,,
虚,,,,x,v,1,11,d,0.8,0.0,,,,,
瑜,,,,,v,2,13,nr,0.5,0.0,,,,,
辰,,,,ch,en,2,7,ng,-0.6666666666666666,0.0,,,,,
须,,,,x,v,1,9,d,-0.6666666666666666,0.0,,,,,
需,,,,x,v,1,14,v,0.7499999999999999,0.0,,,,,
嫌,,,,x,ian,2,13,v,-0.8,0.0,,,,,
川,,,,ch,uan,1,3,j,0.8,0.0,,,,,
尝,,,,ch,ang,2,9,v,0.5,0.0,,,,,
茶,,,,ch,a,2,9,n,-0.5714285714285716,0.0,,,,,
浮,,,,f,u,2,10,v,0.5,0.0,,,,,
游,,,,,iou,2,12,v,0.6666666666666666,0.0,,,,,
席,,,,x,i,2,10,n,0.5,0.0,,,,,
公,,,,g,ong,1,4,n,0.5999999999999999,0.0,,,,,
辉,,,,h,uei,1,12,nr,0.5,0.0,,,,,
失,,,,sh,i,1,5,zg,-0.7499999999999999,0.0,,,,,
缺,,,,q,ve,1,10,v,-0.6666666666666666,0.0,,,,,
泥,,,,n,i,2,8,n,0.5,0.0,,,,,
石,,,,sh,i,2,5,n,0.5,0.0,,,,,
灰,,,,h,uei,1,6,n,0.5999999999999999,0.0,,,,,
风,,,,f,eng,1,4,n,0.7142857142857141,0.0,,,,,
灾,,,,z,ai,1,7,n,0.5,0.0,,,,,
恭,,,,g,ong,1,10,ag,0.5,0.0,,,,,
窝,,,,,uo,1,12,v,-0.6666666666666666,0.0,,,,,
鸡,,,,j,i,1,7,n,0.5624999999999997,0.0,,,,,
车,,,,ch,e,1,4,zg,0.7058823529411765,0.0,,,,,
商,,,,sh,ang,1,11,n,0.5,0.0,,,,,
一,,,,,i,1,1,m,0.5,0.0,,,,,
奸,,,,j,ian,1,6,n,0.5,0.0,,,,,
房,,,,f,ang,2,8,n,0.5,0.0,,,,,
勒,,,,l,ei,1,11,v,0.5999999999999999,0.0,,,,,
泉,,,,q,van,2,9,ns,0.5,0.0,,,,,
违,,,,,uei,2,7,vg,0.5,0.0,,,,,
由,,,,,iou,2,5,p,0.6666666666666666,0.0,,,,,
归,,,,g,uei,1,5,v,0.5,0.0,,,,,
全,,,,q,van,2,6,a,0.5,0.0,,,,,
柟,,,,n,an,2,9,zg,0.5,0.0,,,,,
州,,,,zh,ou,1,6,n,0.5,0.0,,,,,
昂,,,,,ang,2,8,nr,0.5,0.0,,,,,
格,,,,g,e,2,10,n,0.5,0.0,,,,,
蹿,,,,c,uan,1,19,v,0.5,0.0,,,,,
冲,,,,ch,ong,1,6,v,0.6666666666666666,0.0,,,,,
罹,,,,l,i,2,16,zg,0.5,0.0,,,,,
原,,,,,van,2,10,n,0.5,0.0,,,,,
黔,,,,q,ian,2,16,j,0.5,0.0,,,,,
伦,,,,l,uen,2,6,ns,0.5,0.0,,,,,
拎,,,,l,in,1,8,v,0.5,0.0,,,,,
折,,,,zh,e,2,7,v,0.5,0.0,,,,,
深,,,,sh,en,1,11,a,-0.7499999999999999,0.0,,,,,
肢,,,,zh,i,1,8,n,0.5,0.0,,,,,
足,,,,z,u,2,7,a,0.6666666666666666,0.0,,,,,
骑,,,,q,i,2,11,v,0.7499999999999999,0.0,,,,,
师,,,,sh,i,1,6,ng,0.7499999999999999,0.0,,,,,
羊,,,,,iang,2,6,n,0.8888888888888888,0.0,,,,,
渠,,,,q,v,2,11,n,0.5,0.0,,,,,
奚,,,,x,i,1,10,nr,0.5,0.0,,,,,
流,,,,l,iou,2,10,n,0.625,0.0,,,,,
族,,,,z,u,2,11,ng,0.5999999999999999,0.0,,,,,
职,,,,zh,i,2,11,ng,0.5,0.0,,,,,
棺,,,,g,uan,1,12,n,0.5,0.0,,,,,
军,,,,j,vn,1,6,n,-0.5999999999999999,0.0,,,,,
功,,,,g,ong,1,5,n,0.6666666666666666,0.0,,,,,
执,,,,zh,i,2,6,v,0.5,0.0,,,,,
英,,,,,ing,1,8,j,0.5,0.0,,,,,
兄,,,,x,iong,1,5,n,0.5999999999999999,0.0,,,,,
叔,,,,sh,u,1,8,n,-0.5714285714285716,0.0,,,,,
国,,,,g,uo,2,8,n,0.8,0.0,,,,,
蒙,,,,m,eng,2,13,v,-0.6666666666666666,0.0,,,,,
苏,,,,s,u,1,7,j,-0.6666666666666666,0.0,,,,,
亲,,,,q,in,1,9,v,0.7230769230769232,0.0,,,,,
激,,,,j,i,1,16,n,0.5,0.0,,,,,
诸,,,,zh,u,1,10,r,0.5,0.0,,,,,
伤,,,,sh,ang,1,6,v,-0.647058823529412,0.0,,,,,
枪,,,,q,iang,1,8,n,0.7499999999999999,0.0,,,,,
驱,,,,q,v,1,7,v,0.5,0.0,,,,,
型,,,,x,ing,2,9,k,0.6666666666666666,0.0,,,,,
轮,,,,l,uen,2,8,zg,0.5,0.0,,,,,
削,,,,x,ve,1,9,zg,0.5,0.0,,,,,
扶,,,,f,u,2,7,v,0.7499999999999999,0.0,,,,,
脂,,,,zh,i,1,10,n,0.5,0.0,,,,,
妻,,,,q,i,1,8,n,0.6666666666666666,0.0,,,,,
纲,,,,g,ang,1,7,n,0.5,0.0,,,,,
楼,,,,l,ou,2,13,n,0.5714285714285716,0.0,,,,,
回,,,,h,uei,2,6,v,0.7096774193548386,0.0,,,,,
分,,,,f,en,1,4,v,0.6249999999999996,0.0,,,,,
囗,,,,,uei,2,3,zg,0.5,0.0,,,,,
征,,,,zh,eng,1,8,v,0.6666666666666666,0.0,,,,,
积,,,,j,i,1,10,v,0.5,0.0,,,,,
疑,,,,,i,2,14,vg,0.5,0.0,,,,,
